Fecha,Nemotécnico,Precios (último /cierre),Variación porcentual,Volúmenes,Cantidad,Variación absoluta,Precio apertura,Precio máximo,Precio mínimo,Precio promedio,Emisor / nombre,Tipo  Activo
2026-01-19,CELSIA,5080.0,0.4,737046200.0,145935.0,20,,5080.0,5010.0,5050.51,,
2026-01-20,CELSIA,5090.0,0.2,2314457060.0,456442.0,10,,5090.0,5040.0,5070.65,,
2026-01-21,CELSIA,5090.0,0,1831163310.0,361211.0,0,,5090.0,5050.0,5069.51,,
2026-01-22,CELSIA,5080.0,-0.2,1208255630.0,238009.0,-10,,5100.0,5060.0,5076.51,,
2026-01-23,CELSIA,5090.0,0.2,2300578260.0,451808.0,10,,5100.0,5060.0,5091.94,,
2026-01-26,CELSIA,5080.0,-0.2,2383595110.0,469439.0,-10,,5090.0,5050.0,5077.54,,
2026-01-27,CELSIA,5100.0,0.39,2548625240.0,500619.0,20,,5100.0,5070.0,5090.95,,
2026-01-28,CELSIA,5240.0,2.75,6734157030.0,1314315.0,140,,5240.0,5090.0,5123.7,,
2026-01-29,CELSIA,5250.0,0.19,1594907890.0,304755.0,10,,5250.0,5160.0,5233.41,,
2026-01-30,CELSIA,5260.0,0.19,1252073840.0,238960.0,10,,5270.0,5200.0,5239.68,,
2026-02-02,CELSIA,5120.0,-2.66,1811361520.0,348805.0,-140,,5230.0,5110.0,5193.05,,
2026-02-03,CELSIA,5100.0,-0.39,901289670.0,176930.0,-20,,5190.0,5050.0,5094.05,,
2026-02-04,CELSIA,4970.0,-2.55,1374303650.0,274332.0,-130,,5060.0,4950.0,5009.64,,
2026-02-05,CELSIA,5040.0,1.41,1103635305.0,220814.0,70,,5040.0,4950.0,4998.03,,
2026-02-06,CELSIA,4960.0,-1.59,430661945.0,85923.0,-80,,5030.0,4950.0,5012.18,,
2026-02-09,CELSIA,4960.0,0,2091973280.0,425878.0,0,,5000.0,4870.0,4912.14,,
2026-02-10,CELSIA,4980.0,0.4,401800695.0,80854.0,20,,4980.0,4960.0,4969.46,,
2026-02-11,CELSIA,4850.0,-2.61,1678938645.0,343945.0,-130,,4940.0,4850.0,4881.42,,
2026-02-12,CELSIA,4870.0,0.41,598046175.0,123242.0,20,,4890.0,4800.0,4852.62,,
2026-02-13,CELSIA,5060.0,3.9,1030390765.0,206972.0,190,,5090.0,4855.0,4978.41,,
2026-02-16,CELSIA,4910.0,-2.96,166302385.0,33801.0,-150,,4910.0,4910.0,4920.04,,
2026-02-17,CELSIA,4990.0,1.63,447761725.0,91052.0,80,,4990.0,4855.0,4917.65,,
2026-02-18,CELSIA,4975.0,-0.3,302845230.0,60928.0,-15,,4985.0,4950.0,4970.54,,
2026-02-19,CELSIA,4990.0,0.3,469518110.0,94205.0,15,,4990.0,4980.0,4984,,
2026-02-20,CELSIA,5080.0,1.8,2611666755.0,518485.0,90,,5080.0,4985.0,5037.11,,
2026-02-23,CELSIA,5060.0,-0.39,7578894250.0,1503428.0,-20,,5080.0,5040.0,5041.08,,
2026-02-24,CELSIA,5060.0,0,1424720560.0,282477.0,0,,5100.0,5040.0,5043.67,,
2026-02-25,CELSIA,5080.0,0.4,1228666520.0,242304.0,20,,5100.0,5040.0,5070.76,,
2026-02-26,CELSIA,5000.0,-1.57,7052375970.0,1399850.0,-80,,5080.0,4980.0,5037.95,,
2026-02-27,CELSIA,4835.0,-3.3,894853920.0,181679.0,-165,,4980.0,4835.0,4925.47,,
2026-03-02,CELSIA,4510.0,-6.72,917384135.0,192749.0,-325,,4840.0,4510.0,4759.48,,
2026-03-03,CELSIA,4900.0,8.65,1358524690.0,296945.0,390,,4900.0,4310.0,4575,,
2026-03-04,CELSIA,4700.0,-4.08,763164010.0,159215.0,-200,,4900.0,4700.0,4793.29,,
2026-03-05,CELSIA,4760.0,1.28,711791955.0,148018.0,60,,4890.0,4755.0,4808.82,,
2026-03-06,CELSIA,4870.0,2.31,770733730.0,159850.0,110,,4870.0,4745.0,4821.61,,
2026-03-09,CELSIA,4990.0,2.46,802447800.0,161932.0,120,,4990.0,4800.0,4955.46,,
2026-03-10,CELSIA,5010.0,0.4,872104120.0,174766.0,20,,5010.0,4975.0,4990.12,,
2026-03-11,CELSIA,5050.0,0.8,229929105.0,45465.0,40,,5090.0,5050.0,5057.28,,
2026-03-12,CELSIA,5000.0,-0.99,385631440.0,77385.0,-50,,5000.0,4965.0,4983.28,,
2026-03-13,CELSIA,4850.0,-3,916476160.0,185502.0,-150,,5000.0,4850.0,4940.52,,
2026-03-16,CELSIA,4915.0,1.34,233771165.0,47385.0,65,,4970.0,4905.0,4933.44,,
2026-03-17,CELSIA,4660.0,-5.19,2237024015.0,474027.0,-255,,4995.0,4660.0,4719.19,,
2026-03-18,CELSIA,4700.0,0.86,608572445.0,129034.0,40,,4785.0,4660.0,4716.37,,
2026-03-19,CELSIA,4500.0,-4.26,1431221245.0,313071.0,-200,,4680.0,4410.0,4571.55,,
2026-03-20,CELSIA,,4.89,1263351670.0,271513.0,220,,4720.0,4590.0,4653.01,,
2026-03-24,CELSIA,5040.0,17.21,21537529660.0,3970593.0,740,,6510.0,4900.0,5424.26,,
2026-03-25,CELSIA,5210.0,8.93,2624780990.0,487675.0,450,,5530.0,5000.0,5382.23,,
2026-03-26,CELSIA,5460.0,4.8,3459937500.0,637920.0,250,,5500.0,5300.0,5423.78,,
2026-03-27,CELSIA,5200.0,-4.76,3319350200.0,616679.0,-260,,5590.0,5200.0,5382.62,,
2026-03-30,CELSIA,5200.0,0,414707870.0,78855.0,0,,5350.0,5200.0,,,
2026-03-31,CELSIA,5300.0,1.92,414029670.0,78668.0,100,,5320.0,5200.0,,,
2026-04-01,CELSIA,5280.0,-0.38,704065080.0,131983.0,-20,,5380.0,5250.0,,,
2026-04-02,CELSIA,,,,,,,,,,,
2026-04-03,CELSIA,,,,,,,,,,,
2026-04-06,CELSIA,5480.0,3.79,1753198290.0,324002.0,200,,5490.0,5280.0,,,
2026-04-07,CELSIA,5490.0,0.18,991186020.0,181615.0,10,,5500.0,5390.0,,,
2026-04-08,CELSIA,5550.0,1.09,2453458070.0,443970.0,60,,5590.0,5480.0,,,
2026-04-09,CELSIA,5600.0,0.9,2392072340.0,428301.0,50,,5600.0,5550.0,,,
2026-04-10,CELSIA,5770.0,3.04,2268123490.0,397657.0,170,,5770.0,5590.0,,,
2026-04-13,CELSIA,5740.0,-0.52,3811279020.0,660818.0,-30,,5800.0,5710.0,,,
2026-04-14,CELSIA,5750.0,0.17,2762395850.0,477723.0,10,,5820.0,5740.0,,,
2026-04-15,CELSIA,5690.0,-1.04,2950111060.0,513479.0,-60,,5790.0,5690.0,,,
2026-04-16,CELSIA,5700.0,0.18,2763749500.0,484269.0,10,,5770.0,5680.0,,,
2026-04-17,CELSIA,5600.0,-1.75,1627296970.0,288121.0,-100,,5700.0,5600.0,,,
2026-04-20,CELSIA,5540.0,-1.07,1866224820.0,330886.0,-60,,5700.0,5540.0,,,
2026-04-21,CELSIA,5440.0,-1.81,1525439210.0,277562.0,-100,,5630.0,5320.0,,,
2026-04-22,CELSIA,5490.0,0.92,1069758120.0,195283.0,50,,5550.0,5400.0,,,
2026-04-23,CELSIA,5360.0,-2.37,815809520.0,149920.0,-130,,5570.0,5300.0,,,
2026-04-24,CELSIA,5240.0,-2.24,1173581960.0,219016.0,-120,,5480.0,5120.0,,,
2026-04-27,CELSIA,5200.0,-0.76,182491250.0,34870.0,-40,,5340.0,5190.0,,,
2026-04-28,CELSIA,5200.0,0,586547550.0,114142.0,0,,5420.0,5020.0,,,
2026-04-29,CELSIA,4950.0,-4.81,5182029355.0,1033111.0,-250,,5100.0,4950.0,,,
2026-04-30,CELSIA,4990.0,0.81,848509435.0,169902.0,40,,5040.0,4910.0,,,
2026-05-04,CELSIA,4980.0,-0.2,1029991080.0,206026.0,-10,,5090.0,4915.0,,,
2026-05-05,CELSIA,5020.0,0.8,2347643930.0,466674.0,40,,5100.0,4990.0,,,
2026-05-06,CELSIA,4950.0,-1.39,1281540950.0,255999.0,-70,,5090.0,4950.0,,,
2026-05-07,CELSIA,4900.0,-1.01,1429029840.0,288046.0,-50,,5000.0,4900.0,,,
2026-05-08,CELSIA,4850.0,-1.02,2244605840.0,461852.0,-50,,4950.0,4850.0,,,
2026-05-11,CELSIA,4900.0,1.03,1328942135.0,270992.0,50,,4970.0,4875.0,,,
2026-05-12,CELSIA,4830.0,-1.43,2128005685.0,437833.0,-70,,4990.0,4830.0,,,
2026-05-13,CELSIA,4960.0,2.69,875566000.0,178996.0,130,,4965.0,4805.0,,,
2026-05-14,CELSIA,5010.0,1.01,2235895085.0,445829.0,50,,5150.0,4960.0,,,
2026-05-15,CELSIA,4935.0,-1.5,1055903965.0,211804.0,-75,,5080.0,4800.0,,,
2026-05-18,CELSIA,,,,,,,,,,,
2026-05-19,CELSIA,4890.0,-0.91,770885045.0,156858.0,-45,,4940.0,4880.0,,,
2026-05-20,CELSIA,4740.0,-3.07,2006793160.0,419018.0,-150,,4900.0,4705.0,,,
2026-05-21,CELSIA,4810.0,1.48,1328660805.0,281043.0,70,,4895.0,4700.0,,,
2026-05-22,CELSIA,4740.0,-1.46,623231135.0,131399.0,-70,,4790.0,4720.0,,,
2026-05-25,CELSIA,4630.0,-2.32,1961943045.0,418033.0,-110,,4750.0,4630.0,,,
2026-05-26,CELSIA,4810.0,3.89,2384055680.0,502788.0,180,,4890.0,4650.0,,,
2026-05-27,CELSIA,4820.0,0.21,1539999975.0,317653.0,10,,4895.0,4740.0,,,
2026-05-28,CELSIA,4800.0,-0.41,864543125.0,179691.0,-20,,4860.0,4580.0,,,
2026-05-29,CELSIA,4630.0,-3.54,7639463310.0,1634931.0,-170,,4960.0,4630.0,,,
2026-06-01,CELSIA,4700.0,1.51,4687263730.0,982919.0,70,,4900.0,4685.0,,,
2026-06-02,CELSIA,4780.0,1.7,2133584835.0,443315.0,80,,4875.0,4725.0,,,
2026-06-03,CELSIA,4925.0,3.03,2701287140.0,553649.0,145,,4925.0,4800.0,,,
2026-06-04,CELSIA,4960.0,0.71,1630332645.0,328095.0,35,,5000.0,4880.0,,,
2026-06-05,CELSIA,4975.0,0.3,959023725.0,192588.0,15,,5000.0,4920.0,,,
2026-06-08,CELSIA,,,,,,,,,,,
2026-06-09,CELSIA,5300.0,6.53,3489225300.0,680750.0,325,,5300.0,4980.0,,,
2026-06-10,CELSIA,5170.0,-2.45,1188389350.0,228521.0,-130,,5280.0,5120.0,,,
2026-06-11,CELSIA,4950.0,-4.26,3605540450.0,717439.0,-220,,5260.0,4940.0,,,
2026-06-12,CELSIA,5200.0,5.05,4224231570.0,813709.0,250,,5270.0,5040.0,,,
2026-06-15,CELSIA,,,,,,,,,,,
2026-06-16,CELSIA,5100.0,-1.92,1360604390.0,262702.0,-100,,5300.0,5000.0,,,
2026-06-17,CELSIA,5260.0,3.14,2003388000.0,384251.0,160,,5280.0,5100.0,,,
2026-06-18,CELSIA,5190.0,-1.33,1082064930.0,206535.0,-70,,5290.0,5070.0,,,
2026-06-19,CELSIA,5200.0,0.19,1464465000.0,279563.0,10,,5300.0,5180.0,,,
2026-06-22,CELSIA,5090.0,-2.12,4188116780.0,819647.0,-110,,5380.0,5010.0,,,
2026-06-23,CELSIA,5080.0,-0.2,1124595730.0,222134.0,-10,,5130.0,5020.0,,,
2026-06-24,CELSIA,5090.0,0.2,1788952490.0,355738.0,10,,5090.0,4945.0,,,
2026-06-25,CELSIA,5000.0,-1.77,1579262995.0,313333.0,-90,,5140.0,4980.0,,,
2026-06-26,CELSIA,5070.0,1.4,998503085.0,199430.0,70,,5090.0,4970.0,,,
2026-06-30,CELSIA,5080.0,0.2,1239225225.0,245443.0,10,,5140.0,4985.0,,,
2026-07-01,CELSIA,5090.0,0.2,966117160.0,190699.0,10,,5110.0,4930.0,,,
2026-07-02,CELSIA,5020.0,-1.38,1325380110.0,260445.0,-70,,5140.0,5010.0,,,
2026-07-03,CELSIA,5040.0,0.4,696209520.0,136937.0,20,,5130.0,5040.0,,,
2026-07-06,CELSIA,4940.0,-1.98,1145876310.0,229993.0,-100,,5050.0,4915.0,,,
2026-07-07,CELSIA,5080.0,2.83,864217230.0,171742.0,140,,5100.0,4915.0,,,
2026-07-08,CELSIA,5030.0,-0.98,1095836515.0,216551.0,-50,,5110.0,4970.0,,,
2026-07-09,CELSIA,5180.0,2.98,726123510.0,142199.0,150,,5190.0,5010.0,,,
2026-07-10,CELSIA,5380.0,3.86,2410269180.0,456083.0,200,,5380.0,5120.0,,,
2026-07-13,CELSIA,,,,,,,,,,,
2026-07-14,CELSIA,5260.0,-2.23,1016822400.0,191880.0,-120,,5400.0,5190.0,,,
2026-07-15,CELSIA,5360.0,1.9,753303530.0,142978.0,100,,5360.0,5190.0,,,
2026-07-16,CELSIA,5280.0,-1.49,995906210.0,190610.0,-80,,5280.0,5110.0,,,
2026-07-17,CELSIA,5270.0,-0.19,587055460.0,112116.0,-10,,5280.0,5190.0,,,
2026-07-21,CELSIA,5200.0,-1.33,1004405870.0,191854.0,-70,,5320.0,5020.0,,,
2026-01-19,CEMARGOS,12140.0,1,4929566820.0,408651.0,120,,12140.0,11940.0,12063.02,,
2026-01-20,CEMARGOS,12400.0,2.14,10792423380.0,879621.0,260,,12480.0,11960.0,12269.4,,
2026-01-21,CEMARGOS,13000.0,4.84,19264281880.0,1500579.0,600,,13000.0,12480.0,12837.9,,
2026-01-22,CEMARGOS,13200.0,1.54,12212566900.0,938018.0,200,,13200.0,12840.0,13019.54,,
2026-01-23,CEMARGOS,13580.0,2.88,7131310540.0,530024.0,380,,13600.0,13200.0,13454.69,,
2026-01-26,CEMARGOS,13560.0,-0.15,6857033160.0,501551.0,-20,,13800.0,13500.0,13671.66,,
2026-01-27,CEMARGOS,13680.0,0.88,5600878920.0,408720.0,120,,13780.0,13560.0,13703.46,,
2026-01-28,CEMARGOS,13780.0,0.73,8539681180.0,629737.0,100,,13780.0,13240.0,13560.71,,
2026-01-29,CEMARGOS,13760.0,-0.15,4144626040.0,303169.0,-20,,13760.0,13600.0,13671.01,,
2026-01-30,CEMARGOS,13820.0,0.44,11443152560.0,826213.0,60,,14000.0,13600.0,13850.12,,
2026-02-02,CEMARGOS,13720.0,-0.72,8124061980.0,601378.0,-100,,13900.0,13260.0,13509.08,,
2026-02-03,CEMARGOS,13660.0,-0.44,8860285100.0,651930.0,-60,,13740.0,13400.0,13590.85,,
2026-02-04,CEMARGOS,13580.0,-0.59,11943159740.0,895690.0,-80,,13660.0,13180.0,13334.03,,
2026-02-05,CEMARGOS,13120.0,-3.39,7870460120.0,592374.0,-460,,13500.0,12320.0,13286.3,,
2026-02-06,CEMARGOS,13460.0,2.59,10436936200.0,787134.0,340,,13460.0,12420.0,13259.41,,
2026-02-09,CEMARGOS,13660.0,1.49,6495704480.0,476568.0,200,,13780.0,13300.0,13630.17,,
2026-02-10,CEMARGOS,13800.0,1.02,10343789040.0,747265.0,140,,13980.0,13520.0,13842.2,,
2026-02-11,CEMARGOS,12700.0,-7.97,25645549140.0,1975678.0,-1100,,13580.0,12700.0,12980.63,,
2026-02-12,CEMARGOS,12000.0,-5.51,10000638600.0,813715.0,-700,,12900.0,12000.0,12290.1,,
2026-02-13,CEMARGOS,12220.0,1.83,9004458160.0,758743.0,220,,12220.0,11600.0,11867.6,,
2026-02-16,CEMARGOS,12100.0,-0.98,4678344200.0,386830.0,-120,,12480.0,11900.0,12094.06,,
2026-02-17,CEMARGOS,12120.0,0.17,8198627920.0,675855.0,20,,12340.0,12000.0,12130.75,,
2026-02-18,CEMARGOS,12180.0,0.5,7636149560.0,628041.0,60,,12280.0,12060.0,12158.68,,
2026-02-19,CEMARGOS,12100.0,-0.66,4219869900.0,348482.0,-80,,12260.0,11980.0,12109.29,,
2026-02-20,CEMARGOS,12420.0,2.64,13183509100.0,1074319.0,320,,12420.0,12160.0,12271.5,,
2026-02-23,CEMARGOS,12420.0,0,5810204500.0,469317.0,0,,12560.0,12280.0,12380.13,,
2026-02-24,CEMARGOS,12000.0,-3.38,9445852240.0,774738.0,-420,,12340.0,12000.0,12192.32,,
2026-02-25,CEMARGOS,12400.0,3.33,5379947420.0,447170.0,400,,12400.0,11860.0,12031.1,,
2026-02-26,CEMARGOS,12320.0,-0.65,5786801120.0,479587.0,-80,,12320.0,11780.0,12066.22,,
2026-02-27,CEMARGOS,11900.0,-3.41,52407426160.0,4404160.0,-420,,12280.0,11600.0,11899.53,,
2026-03-02,CEMARGOS,11620.0,-2.35,5893172140.0,504819.0,-280,,11920.0,11500.0,11673.83,,
2026-03-03,CEMARGOS,11400.0,-1.89,9216945240.0,824618.0,-220,,11580.0,10960.0,11177.23,,
2026-03-04,CEMARGOS,11760.0,3.16,5712813680.0,489241.0,360,,11800.0,11540.0,11676.89,,
2026-03-05,CEMARGOS,11940.0,1.53,5292199780.0,444594.0,180,,12020.0,11760.0,11903.44,,
2026-03-06,CEMARGOS,11800.0,-1.17,4524664560.0,379539.0,-140,,11980.0,11800.0,11921.47,,
2026-03-09,CEMARGOS,12260.0,3.9,5227150480.0,431792.0,460,,12320.0,11600.0,12105.71,,
2026-03-10,CEMARGOS,12620.0,2.94,4384747780.0,350823.0,360,,12620.0,12260.0,12498.46,,
2026-03-11,CEMARGOS,12540.0,-0.63,5047260520.0,397331.0,-80,,12800.0,12500.0,12702.91,,
2026-03-12,CEMARGOS,12120.0,-3.35,4223644020.0,342577.0,-420,,12540.0,12120.0,12329.04,,
2026-03-13,CEMARGOS,11920.0,-1.65,3449565160.0,285303.0,-200,,12280.0,11800.0,12090.88,,
2026-03-16,CEMARGOS,11640.0,-2.35,3019294300.0,250897.0,-280,,12280.0,11640.0,12034,,
2026-03-17,CEMARGOS,11540.0,-0.86,4694637700.0,399933.0,-100,,11960.0,11540.0,11738.56,,
2026-03-18,CEMARGOS,11400.0,-1.21,8236418980.0,706607.0,-140,,11840.0,11360.0,11656.29,,
2026-03-19,CEMARGOS,11060.0,-2.98,5535776320.0,496966.0,-340,,11420.0,11040.0,11139.14,,
2026-03-20,CEMARGOS,,2.53,2689952880.0,238213.0,280,,11520.0,11060.0,11292.22,,
2026-03-24,CEMARGOS,11400.0,4.01,4974493700.0,435634.0,440,,11640.0,11200.0,11418.97,,
2026-03-25,CEMARGOS,11800.0,2.11,2213504340.0,190380.0,240,,11700.0,11400.0,11626.77,,
2026-03-26,CEMARGOS,11480.0,-2.71,2867299160.0,244421.0,-320,,11840.0,11480.0,11730.99,,
2026-03-27,CEMARGOS,11180.0,-2.61,4162461320.0,366059.0,-300,,11680.0,11180.0,11371.01,,
2026-03-30,CEMARGOS,11120.0,-0.54,1768445520.0,157136.0,-60,,11580.0,11120.0,,,
2026-03-31,CEMARGOS,11740.0,5.58,2461918480.0,216880.0,620,,11740.0,11200.0,,,
2026-04-01,CEMARGOS,11720.0,-0.17,2693971280.0,230772.0,-20,,11780.0,11480.0,,,
2026-04-02,CEMARGOS,,,,,,,,,,,
2026-04-03,CEMARGOS,,,,,,,,,,,
2026-04-06,CEMARGOS,11800.0,0.68,4262769020.0,361198.0,80,,11940.0,11680.0,,,
2026-04-07,CEMARGOS,11720.0,-0.68,5312444220.0,446580.0,-80,,12000.0,11700.0,,,
2026-04-08,CEMARGOS,12000.0,2.39,4707908000.0,393466.0,280,,12080.0,11820.0,,,
2026-04-09,CEMARGOS,11980.0,-0.17,4237483320.0,355612.0,-20,,12000.0,11740.0,,,
2026-04-10,CEMARGOS,12080.0,0.83,2413894020.0,199752.0,100,,12280.0,11940.0,,,
2026-04-13,CEMARGOS,12500.0,3.48,6849638880.0,553874.0,420,,12520.0,11900.0,,,
2026-04-14,CEMARGOS,12620.0,0.96,10491856640.0,833172.0,120,,12680.0,12500.0,,,
2026-04-15,CEMARGOS,12420.0,-1.58,2154668460.0,173076.0,-200,,12640.0,12380.0,,,
2026-04-16,CEMARGOS,12500.0,0.64,4762327000.0,383359.0,80,,12500.0,12320.0,,,
2026-04-17,CEMARGOS,12560.0,0.48,4684266080.0,371895.0,60,,12780.0,12460.0,,,
2026-04-20,CEMARGOS,12360.0,-1.59,6567620280.0,527715.0,-200,,12560.0,12340.0,,,
2026-04-21,CEMARGOS,12380.0,0.16,4017254060.0,322277.0,20,,12560.0,12320.0,,,
2026-04-22,CEMARGOS,12300.0,-0.65,1521929640.0,123347.0,-80,,12420.0,12100.0,,,
2026-04-23,CEMARGOS,11960.0,-2.76,2423492260.0,198287.0,-340,,12400.0,11920.0,,,
2026-04-24,CEMARGOS,12000.0,0.33,2788219680.0,231214.0,40,,12180.0,11900.0,,,
2026-04-27,CEMARGOS,11600.0,-3.33,2096876880.0,177027.0,-400,,12000.0,11600.0,,,
2026-04-28,CEMARGOS,11540.0,-0.52,6845379880.0,587243.0,-60,,11780.0,11540.0,,,
2026-04-29,CEMARGOS,11660.0,1.04,2286105580.0,197897.0,120,,11680.0,11400.0,,,
2026-04-30,CEMARGOS,11900.0,2.06,3240454420.0,274194.0,240,,11920.0,11680.0,,,
2026-05-04,CEMARGOS,12200.0,2.52,6462435100.0,532704.0,300,,12260.0,11900.0,,,
2026-05-05,CEMARGOS,12000.0,-1.64,5227581240.0,431629.0,-200,,12200.0,12000.0,,,
2026-05-06,CEMARGOS,11660.0,-2.83,3657736600.0,304860.0,-340,,12180.0,11660.0,,,
2026-05-07,CEMARGOS,11900.0,2.06,11518200960.0,978605.0,240,,11900.0,11500.0,,,
2026-05-08,CEMARGOS,11700.0,-1.68,3097536240.0,262832.0,-200,,11900.0,11700.0,,,
2026-05-11,CEMARGOS,11700.0,0,3619754460.0,309338.0,0,,11720.0,11660.0,,,
2026-05-12,CEMARGOS,11680.0,-0.17,9579635280.0,820267.0,-20,,11740.0,11580.0,,,
2026-05-13,CEMARGOS,11300.0,-3.25,8458275520.0,734400.0,-380,,11720.0,11200.0,,,
2026-05-14,CEMARGOS,11300.0,0,7473107000.0,659730.0,0,,11580.0,11120.0,,,
2026-05-15,CEMARGOS,10960.0,-3.01,3588799940.0,326409.0,-340,,11300.0,10760.0,,,
2026-05-18,CEMARGOS,,,,,,,,,,,
2026-05-19,CEMARGOS,10900.0,-0.55,3435108020.0,314642.0,-60,,11140.0,10700.0,,,
2026-05-20,CEMARGOS,10360.0,-4.95,6947407120.0,668459.0,-540,,10920.0,10140.0,,,
2026-05-21,CEMARGOS,10500.0,1.35,5610380000.0,536860.0,140,,10680.0,10220.0,,,
2026-05-22,CEMARGOS,10580.0,0.76,4616569920.0,443732.0,80,,10580.0,10280.0,,,
2026-05-25,CEMARGOS,10800.0,2.08,5577229200.0,511394.0,220,,11000.0,10700.0,,,
2026-05-26,CEMARGOS,11020.0,2.04,10381203260.0,943421.0,220,,11100.0,10860.0,,,
2026-05-27,CEMARGOS,10960.0,-0.54,6564628360.0,599973.0,-60,,11280.0,10820.0,,,
2026-05-28,CEMARGOS,10900.0,-0.55,4071951200.0,375773.0,-60,,11000.0,10520.0,,,
2026-05-29,CEMARGOS,10720.0,-1.65,41747793700.0,3872646.0,-180,,11400.0,10720.0,,,
2026-06-01,CEMARGOS,11200.0,4.48,12743517680.0,1138855.0,480,,11440.0,10900.0,,,
2026-06-02,CEMARGOS,11600.0,3.57,5992738780.0,525814.0,400,,11680.0,11140.0,,,
2026-06-03,CEMARGOS,11460.0,-1.21,2480887440.0,217141.0,-140,,11620.0,11300.0,,,
2026-06-04,CEMARGOS,11580.0,1.05,3967115240.0,345539.0,120,,11760.0,11300.0,,,
2026-06-05,CEMARGOS,11400.0,-1.55,4374291360.0,382685.0,-180,,11600.0,11120.0,,,
2026-06-08,CEMARGOS,,,,,,,,,,,
2026-06-09,CEMARGOS,11000.0,-3.51,10882351760.0,984480.0,-400,,11400.0,10840.0,,,
2026-06-10,CEMARGOS,11140.0,1.27,5868528500.0,528466.0,140,,11240.0,11000.0,,,
2026-06-11,CEMARGOS,11780.0,5.75,7423338760.0,647348.0,640,,11780.0,11180.0,,,
2026-06-12,CEMARGOS,11820.0,0.34,11202517260.0,938914.0,40,,12080.0,11720.0,,,
2026-06-15,CEMARGOS,,,,,,,,,,,
2026-06-16,CEMARGOS,11520.0,-2.54,7075973100.0,607628.0,-300,,12040.0,11460.0,,,
2026-06-17,CEMARGOS,11580.0,0.52,5319667720.0,456083.0,60,,11760.0,11540.0,,,
2026-06-18,CEMARGOS,11520.0,-0.52,6272512480.0,540566.0,-60,,11780.0,11460.0,,,
2026-06-19,CEMARGOS,11800.0,2.43,10498920640.0,901982.0,280,,11800.0,11460.0,,,
2026-06-22,CEMARGOS,11440.0,-3.05,4624563180.0,400663.0,-360,,12180.0,11340.0,,,
2026-06-23,CEMARGOS,11020.0,-3.67,8450730860.0,758709.0,-420,,11380.0,10920.0,,,
2026-06-24,CEMARGOS,11060.0,0.36,5366449240.0,486384.0,40,,11520.0,10920.0,,,
2026-06-25,CEMARGOS,11160.0,0.9,5655076240.0,510692.0,100,,11200.0,11000.0,,,
2026-06-26,CEMARGOS,11440.0,2.51,4143854600.0,367452.0,280,,11500.0,11040.0,,,
2026-06-30,CEMARGOS,11040.0,-3.5,5419814480.0,484161.0,-400,,11420.0,11040.0,,,
2026-07-01,CEMARGOS,11340.0,2.72,3122157320.0,278670.0,300,,11500.0,10840.0,,,
2026-07-02,CEMARGOS,11600.0,2.29,6056841880.0,528157.0,260,,11780.0,11160.0,,,
2026-07-03,CEMARGOS,11800.0,1.72,1972051060.0,168439.0,200,,11800.0,11600.0,,,
2026-07-06,CEMARGOS,11700.0,-0.85,5721803820.0,491213.0,-100,,11800.0,11460.0,,,
2026-07-07,CEMARGOS,11780.0,0.68,6400995880.0,551291.0,80,,11800.0,11400.0,,,
2026-07-08,CEMARGOS,11880.0,0.85,3296862560.0,280533.0,100,,11880.0,11540.0,,,
2026-07-09,CEMARGOS,11760.0,-1.01,7007668200.0,596836.0,-120,,11880.0,11600.0,,,
2026-07-10,CEMARGOS,11800.0,0.34,3574457220.0,304412.0,40,,11800.0,11600.0,,,
2026-07-13,CEMARGOS,,,,,,,,,,,
2026-07-14,CEMARGOS,11660.0,-1.19,2864913880.0,243468.0,-140,,11900.0,11660.0,,,
2026-07-15,CEMARGOS,11800.0,1.2,2022865160.0,171930.0,140,,11860.0,11620.0,,,
2026-07-16,CEMARGOS,11520.0,-2.37,4044007240.0,347790.0,-280,,11800.0,11520.0,,,
2026-07-17,CEMARGOS,11420.0,-0.87,2446105460.0,213230.0,-100,,11580.0,11400.0,,,
2026-07-21,CEMARGOS,11240.0,-1.58,3071903400.0,269569.0,-180,,11600.0,11220.0,-,,
2026-01-19,CIBEST,79540.0,0.56,10498591760.0,131582.0,440,,80520.0,78920.0,79787.45,,
2026-01-20,CIBEST,81800.0,2.84,14540951880.0,178861.0,2260,,82280.0,79740.0,81297.5,,
2026-01-21,CIBEST,82500.0,0.86,9837697760.0,119879.0,700,,83680.0,81100.0,82063.56,,
2026-01-22,CIBEST,87860.0,6.5,19949485320.0,240476.0,5360,,87860.0,80760.0,82958.32,,
2026-01-23,CIBEST,85500.0,-2.69,25972485620.0,301312.0,-2360,,87400.0,83060.0,86197.98,,
2026-01-26,CIBEST,85640.0,0.16,20400457700.0,236335.0,140,,87400.0,85400.0,86320.09,,
2026-01-27,CIBEST,84040.0,-1.87,16949369100.0,198404.0,-1600,,87420.0,84040.0,85428.57,,
2026-01-28,CIBEST,84060.0,0.02,30677550340.0,365772.0,20,,85640.0,81500.0,83870.69,,
2026-01-29,CIBEST,84500.0,0.52,24257389660.0,290281.0,440,,84900.0,82680.0,83565.2,,
2026-01-30,CIBEST,83500.0,-1.18,29481366460.0,352949.0,-1000,,84000.0,82000.0,83528.69,,
2026-02-02,CIBEST,81700.0,-2.16,15176612540.0,184799.0,-1800,,83000.0,81500.0,82124.97,,
2026-02-03,CIBEST,83000.0,1.59,19956549440.0,240317.0,1300,,83680.0,81700.0,83042.6,,
2026-02-04,CIBEST,81000.0,-2.41,35292528440.0,434295.0,-2000,,82500.0,78600.0,81263.95,,
2026-02-05,CIBEST,78500.0,-3.09,18823472540.0,238308.0,-2500,,80700.0,78500.0,78988,,
2026-02-06,CIBEST,81500.0,3.82,25242259480.0,315247.0,3000,,81500.0,78680.0,80071.37,,
2026-02-09,CIBEST,82100.0,0.74,31966951360.0,385752.0,600,,84000.0,81300.0,82869.18,,
2026-02-10,CIBEST,85800.0,4.51,13189445040.0,157786.0,3700,,85800.0,82100.0,83590.72,,
2026-02-11,CIBEST,85500.0,-0.35,31198271100.0,367489.0,-300,,85500.0,83700.0,84895.8,,
2026-02-12,CIBEST,83000.0,-2.92,19773962560.0,237967.0,-2500,,84900.0,82400.0,83095.4,,
2026-02-13,CIBEST,86000.0,3.61,10492904480.0,124170.0,3000,,86000.0,82640.0,84504.34,,
2026-02-16,CIBEST,85300.0,-0.81,2135823200.0,24925.0,-700,,87000.0,80580.0,85690,,
2026-02-17,CIBEST,84500.0,-0.94,11358721420.0,132793.0,-800,,86980.0,84500.0,85537.05,,
2026-02-18,CIBEST,82920.0,-1.87,11644249700.0,139525.0,-1580,,85000.0,82400.0,83456.37,,
2026-02-19,CIBEST,83100.0,0.22,9825096160.0,117038.0,180,,84880.0,82500.0,83947.92,,
2026-02-20,CIBEST,86500.0,4.09,9397488300.0,109743.0,3400,,86500.0,83100.0,85631.78,,
2026-02-23,CIBEST,97500.0,12.72,41847705620.0,446826.0,11000,,99000.0,86500.0,93655.48,,
2026-02-24,CIBEST,89700.0,-8,54106410620.0,588681.0,-7800,,94600.0,88300.0,91911.26,,
2026-02-25,CIBEST,88700.0,-1.11,44026174220.0,501107.0,-1000,,90320.0,86180.0,87857.83,,
2026-02-26,CIBEST,83600.0,-5.75,35442015500.0,427044.0,-5100,,85680.0,81820.0,82993.83,,
2026-02-27,CIBEST,82020.0,-1.89,81939448340.0,990248.0,-1580,,85640.0,77000.0,82746.39,,
2026-03-02,CIBEST,79160.0,-3.49,18268998940.0,229148.0,-2860,,82580.0,77400.0,79725.76,,
2026-03-03,CIBEST,81000.0,2.32,39251045180.0,491831.0,1840,,82300.0,74940.0,79805.96,,
2026-03-04,CIBEST,82800.0,2.22,52855752900.0,633033.0,1800,,84860.0,82200.0,83496.05,,
2026-03-05,CIBEST,82700.0,-0.12,20211676860.0,248057.0,-100,,82800.0,79000.0,81479.97,,
2026-03-06,CIBEST,80000.0,-3.26,25998810920.0,322833.0,-2700,,81800.0,79000.0,80533.31,,
2026-03-09,CIBEST,81800.0,2.25,18599991940.0,229393.0,1800,,82700.0,79500.0,81083.52,,
2026-03-10,CIBEST,85000.0,3.91,31548470700.0,374151.0,3200,,85080.0,82160.0,84320.16,,
2026-03-11,CIBEST,85500.0,0.59,28382498940.0,333147.0,500,,86080.0,83600.0,85195.12,,
2026-03-12,CIBEST,79140.0,-7.44,34695402840.0,425994.0,-6360,,84700.0,79140.0,81445.75,,
2026-03-13,CIBEST,80980.0,2.32,25238791080.0,313741.0,1840,,81220.0,79140.0,80444.67,,
2026-03-16,CIBEST,81000.0,0.02,43547758320.0,530290.0,20,,84980.0,80980.0,82120.65,,
2026-03-17,CIBEST,79380.0,-2,16792809920.0,211677.0,-1620,,81600.0,78200.0,79332.24,,
2026-03-18,CIBEST,78280.0,-1.39,32548714660.0,414153.0,-1100,,80280.0,77500.0,78591.04,,
2026-03-19,CIBEST,84900.0,8.46,30778668180.0,380444.0,6620,,84900.0,76020.0,80901.97,,
2026-03-20,CIBEST,,-3.49,34609551800.0,419313.0,-2960,,84000.0,81500.0,82538.7,,
2026-03-24,CIBEST,83460.0,-1.42,48692223540.0,583724.0,-1200,,84480.0,81980.0,83416.52,,
2026-03-25,CIBEST,83720.0,-0.48,19799230200.0,235026.0,-400,,84860.0,83020.0,84242.72,,
2026-03-26,CIBEST,80400.0,-3.97,51478801360.0,630436.0,-3320,,84000.0,78300.0,81655.87,,
2026-03-27,CIBEST,79840.0,-0.7,15771375700.0,198765.0,-560,,80500.0,77920.0,79346.85,,
2026-03-30,CIBEST,78000.0,-2.3,6459672820.0,81964.0,-1840,,81460.0,78000.0,,,
2026-03-31,CIBEST,84900.0,8.85,31588776800.0,377072.0,6900,,85000.0,78080.0,,,
2026-04-01,CIBEST,86900.0,2.36,19822850920.0,230848.0,2000,,86900.0,84160.0,,,
2026-04-02,CIBEST,,,,,,,,,,,
2026-04-03,CIBEST,,,,,,,,,,,
2026-04-06,CIBEST,88300.0,1.61,30858898080.0,351489.0,1400,,88900.0,81000.0,,,
2026-04-07,CIBEST,86700.0,-1.81,25970511700.0,295206.0,-1600,,88800.0,86700.0,,,
2026-04-08,CIBEST,85540.0,-1.34,20795963340.0,237264.0,-1160,,89000.0,85540.0,,,
2026-04-09,CIBEST,85980.0,0.51,13779137880.0,162500.0,440,,86240.0,82980.0,,,
2026-04-10,CIBEST,86980.0,1.16,18633520520.0,214926.0,1000,,87860.0,85540.0,,,
2026-04-13,CIBEST,88200.0,1.4,22776235520.0,260083.0,1220,,88200.0,83700.0,,,
2026-04-14,CIBEST,88960.0,0.86,24730165860.0,275442.0,760,,90500.0,85220.0,,,
2026-04-15,CIBEST,87160.0,-2.02,16625827560.0,189844.0,-1800,,91500.0,86500.0,,,
2026-04-16,CIBEST,86000.0,-1.33,23602188880.0,272369.0,-1160,,88000.0,85900.0,,,
2026-04-17,CIBEST,84780.0,-1.42,10187634320.0,120450.0,-1220,,86000.0,83680.0,,,
2026-04-20,CIBEST,84000.0,-0.92,14842976520.0,175040.0,-780,,86000.0,84000.0,,,
2026-04-21,CIBEST,83020.0,-1.17,5684343200.0,67866.0,-980,,85800.0,83020.0,,,
2026-04-22,CIBEST,84000.0,1.18,12132126660.0,145249.0,980,,84000.0,82320.0,,,
2026-04-23,CIBEST,81600.0,-2.86,7929818180.0,96031.0,-2400,,84680.0,81340.0,,,
2026-04-24,CIBEST,81520.0,-0.1,5693126660.0,69423.0,-80,,85920.0,81120.0,,,
2026-04-27,CIBEST,79060.0,-3.02,8951861260.0,110755.0,-2460,,83280.0,79060.0,,,
2026-04-28,CIBEST,78000.0,-1.34,13185761380.0,167755.0,-1060,,80000.0,77900.0,,,
2026-04-29,CIBEST,76000.0,-2.56,19395021020.0,251193.0,-2000,,79100.0,76000.0,,,
2026-04-30,CIBEST,75440.0,-0.74,12191361800.0,161703.0,-560,,76880.0,74340.0,,,
2026-05-04,CIBEST,75200.0,-0.32,17648258040.0,234906.0,-240,,76580.0,74040.0,,,
2026-05-05,CIBEST,74700.0,-0.66,12036062260.0,160374.0,-500,,75520.0,74000.0,,,
2026-05-06,CIBEST,78500.0,5.09,12382172120.0,160509.0,3800,,78500.0,73500.0,,,
2026-05-07,CIBEST,75900.0,-3.31,8878894240.0,116624.0,-2600,,78140.0,74540.0,,,
2026-05-08,CIBEST,74000.0,-2.5,7292099540.0,97589.0,-1900,,76000.0,73200.0,,,
2026-05-11,CIBEST,72620.0,-1.86,4854584780.0,66399.0,-1380,,74000.0,72620.0,,,
2026-05-12,CIBEST,72620.0,0,13378362420.0,184254.0,0,,72980.0,72200.0,,,
2026-05-13,CIBEST,71540.0,-1.49,10228540380.0,141196.0,-1080,,72940.0,71480.0,,,
2026-05-14,CIBEST,73000.0,2.04,36410390080.0,503387.0,1460,,73900.0,70560.0,,,
2026-05-15,CIBEST,73000.0,0,6234141000.0,85697.0,0,,73560.0,72100.0,,,
2026-05-18,CIBEST,,,,,,,,,,,
2026-05-19,CIBEST,73000.0,0,12865037140.0,177367.0,0,,73320.0,70120.0,,,
2026-05-20,CIBEST,72620.0,-0.52,13729393200.0,188638.0,-380,,73500.0,72140.0,,,
2026-05-21,CIBEST,72440.0,-0.25,6767670780.0,93156.0,-180,,73500.0,72440.0,,,
2026-05-22,CIBEST,71600.0,-1.16,12440786860.0,171700.0,-840,,74000.0,71600.0,,,
2026-05-25,CIBEST,72500.0,1.26,15189895400.0,209386.0,900,,72940.0,71500.0,,,
2026-05-26,CIBEST,75660.0,4.36,22366766060.0,296962.0,3160,,76720.0,73500.0,,,
2026-05-27,CIBEST,74300.0,-1.8,27242980640.0,365689.0,-1360,,75980.0,73580.0,,,
2026-05-28,CIBEST,74500.0,0.27,13670409840.0,182501.0,200,,76680.0,73360.0,,,
2026-05-29,CIBEST,76000.0,2.01,251071605400.0,3302097.0,1500,,77580.0,74860.0,,,
2026-06-01,CIBEST,76500.0,0.66,37137586520.0,464777.0,500,,82980.0,76500.0,,,
2026-06-02,CIBEST,77400.0,1.18,18206294040.0,232576.0,900,,79700.0,76500.0,,,
2026-06-03,CIBEST,77000.0,-0.52,23629682840.0,304163.0,-400,,78740.0,76100.0,,,
2026-06-04,CIBEST,75600.0,-1.82,8453143760.0,110446.0,-1400,,78000.0,75600.0,,,
2026-06-05,CIBEST,74000.0,-2.12,15628296580.0,206884.0,-1600,,76440.0,74000.0,,,
2026-06-08,CIBEST,,,,,,,,,,,
2026-06-09,CIBEST,78180.0,5.65,16138031200.0,209391.0,4180,,78220.0,71200.0,,,
2026-06-10,CIBEST,78000.0,-0.23,10173686380.0,130108.0,-180,,79400.0,77120.0,,,
2026-06-11,CIBEST,84900.0,8.85,20510118920.0,248588.0,6900,,84900.0,78160.0,,,
2026-06-12,CIBEST,82500.0,-2.83,30725000300.0,368434.0,-2400,,85180.0,82100.0,,,
2026-06-15,CIBEST,,,,,,,,,,,
2026-06-16,CIBEST,83800.0,1.58,12381061180.0,150753.0,1300,,83800.0,80760.0,,,
2026-06-17,CIBEST,81980.0,-2.17,14021938860.0,168236.0,-1820,,83980.0,81120.0,,,
2026-06-18,CIBEST,85000.0,3.68,17029668320.0,202287.0,3020,,85000.0,82000.0,,,
2026-06-19,CIBEST,86000.0,1.18,45415496440.0,528226.0,1000,,87580.0,84020.0,,,
2026-06-22,CIBEST,83340.0,-3.09,5158831500.0,61464.0,-2660,,88980.0,82400.0,,,
2026-06-23,CIBEST,81900.0,-1.73,13357521640.0,162918.0,-1440,,83000.0,81240.0,,,
2026-06-24,CIBEST,78500.0,-4.15,12093263660.0,150866.0,-3400,,82800.0,78500.0,,,
2026-06-25,CIBEST,77900.0,-0.76,9559357200.0,122003.0,-600,,80960.0,77520.0,,,
2026-06-26,CIBEST,78460.0,0.72,7747571860.0,98662.0,560,,79280.0,77900.0,,,
2026-06-30,CIBEST,78000.0,-0.59,17450817180.0,221969.0,-460,,79700.0,78000.0,,,
2026-07-01,CIBEST,78380.0,0.49,5558617980.0,70527.0,380,,79120.0,77200.0,,,
2026-07-02,CIBEST,78800.0,0.54,9250675120.0,117487.0,420,,79300.0,78400.0,,,
2026-07-03,CIBEST,80900.0,2.66,1411453720.0,17749.0,2100,,80900.0,78060.0,,,
2026-07-06,CIBEST,81800.0,1.11,4075998940.0,50425.0,900,,81800.0,78300.0,,,
2026-07-07,CIBEST,83000.0,1.47,8693316740.0,106966.0,1200,,83000.0,78980.0,,,
2026-07-08,CIBEST,83400.0,0.48,4732138900.0,57557.0,400,,84000.0,79120.0,,,
2026-07-09,CIBEST,81080.0,-2.78,7241410480.0,88740.0,-2320,,83400.0,81080.0,,,
2026-07-10,CIBEST,81000.0,-0.1,9035173720.0,111652.0,-80,,81660.0,80140.0,,,
2026-07-13,CIBEST,,,,,,,,,,,
2026-07-14,CIBEST,79960.0,-1.28,7584074460.0,94643.0,-1040,,81420.0,77040.0,,,
2026-07-15,CIBEST,80240.0,0.35,4742212400.0,59112.0,280,,80860.0,79540.0,,,
2026-07-16,CIBEST,81460.0,1.52,6893568840.0,86112.0,1220,,81460.0,78400.0,,,
2026-07-17,CIBEST,81800.0,0.42,5826316760.0,72137.0,340,,81800.0,77000.0,,,
2026-07-21,CIBEST,80680.0,-1.37,9193910940.0,112407.0,-1120,,83000.0,80000.0,-,,
2026-01-19,CORFICOLCF,19340.0,0.31,1809820840.0,93350.0,60,,19460.0,19200.0,19387.48,,
2026-01-20,CORFICOLCF,19480.0,0.72,3032630760.0,155527.0,140,,19580.0,19440.0,19499.06,,
2026-01-21,CORFICOLCF,19500.0,0.1,6228579400.0,318821.0,20,,19600.0,19400.0,19536.29,,
2026-01-22,CORFICOLCF,19500.0,0,785590740.0,40422.0,0,,19580.0,19300.0,19434.73,,
2026-01-23,CORFICOLCF,19600.0,0.51,664415560.0,34130.0,100,,19600.0,19300.0,19467.2,,
2026-01-26,CORFICOLCF,20180.0,2.96,3187167940.0,158888.0,580,,20500.0,19600.0,20059.21,,
2026-01-27,CORFICOLCF,20360.0,0.89,4072488440.0,200093.0,180,,20400.0,20200.0,20352.98,,
2026-01-28,CORFICOLCF,20760.0,1.96,2764404520.0,136561.0,400,,20760.0,20000.0,20243,,
2026-01-29,CORFICOLCF,20580.0,-0.87,1184665260.0,57765.0,-180,,20780.0,20040.0,20508.36,,
2026-01-30,CORFICOLCF,20200.0,-1.85,1352465640.0,66786.0,-380,,20700.0,20040.0,20250.74,,
2026-02-02,CORFICOLCF,19760.0,-2.18,5700179700.0,284991.0,-440,,20200.0,19720.0,20001.26,,
2026-02-03,CORFICOLCF,20000.0,1.21,1816549260.0,90605.0,240,,20180.0,19760.0,20049.11,,
2026-02-04,CORFICOLCF,19700.0,-1.5,1508969060.0,76165.0,-300,,20000.0,19520.0,19811.84,,
2026-02-05,CORFICOLCF,19640.0,-0.3,1247032500.0,63729.0,-60,,19840.0,19500.0,19567.74,,
2026-02-06,CORFICOLCF,19800.0,0.81,931552360.0,46764.0,160,,20100.0,19500.0,19920.29,,
2026-02-09,CORFICOLCF,19740.0,-0.3,613774480.0,31110.0,-60,,19980.0,19620.0,19729.17,,
2026-02-10,CORFICOLCF,19780.0,0.2,86364180.0,4354.0,40,,19940.0,19780.0,19835.59,,
2026-02-11,CORFICOLCF,19320.0,-2.33,1266894580.0,64786.0,-460,,19800.0,19320.0,19555.07,,
2026-02-12,CORFICOLCF,18500.0,-4.24,1735486300.0,92373.0,-820,,19560.0,18500.0,18787.81,,
2026-02-13,CORFICOLCF,18500.0,0,1618672980.0,87374.0,0,,18800.0,18340.0,18525.8,,
2026-02-16,CORFICOLCF,18420.0,-0.43,532670660.0,28519.0,-80,,18960.0,18420.0,18677.75,,
2026-02-17,CORFICOLCF,18520.0,0.54,390507300.0,21021.0,100,,18780.0,18440.0,18577.01,,
2026-02-18,CORFICOLCF,18800.0,1.51,399090560.0,21107.0,280,,19220.0,18760.0,18907.97,,
2026-02-19,CORFICOLCF,19000.0,1.06,612621420.0,32268.0,200,,19000.0,18860.0,18985.42,,
2026-02-20,CORFICOLCF,19200.0,1.05,917687820.0,48134.0,200,,19300.0,19000.0,19065.27,,
2026-02-23,CORFICOLCF,18800.0,-2.08,1174021620.0,61696.0,-400,,19280.0,18800.0,19029.14,,
2026-02-24,CORFICOLCF,18900.0,0.53,643562420.0,34344.0,100,,19000.0,18600.0,18738.71,,
2026-02-25,CORFICOLCF,18600.0,-1.59,891328720.0,48309.0,-300,,18600.0,18000.0,18450.57,,
2026-02-26,CORFICOLCF,17460.0,-6.13,1681249860.0,95357.0,-1140,,18440.0,17000.0,17631.11,,
2026-02-27,CORFICOLCF,17200.0,-1.49,1007529500.0,57523.0,-260,,17680.0,17200.0,17515.25,,
2026-03-02,CORFICOLCF,17000.0,-1.16,4477692700.0,267267.0,-200,,17200.0,16500.0,16753.63,,
2026-03-03,CORFICOLCF,17940.0,5.53,2242769840.0,132136.0,940,,17940.0,15320.0,16973.19,,
2026-03-04,CORFICOLCF,17200.0,-4.12,1257976220.0,72232.0,-740,,17780.0,17100.0,17415.77,,
2026-03-05,CORFICOLCF,16920.0,-1.63,577397160.0,33807.0,-280,,17500.0,16900.0,17079.22,,
2026-03-06,CORFICOLCF,16320.0,-3.55,1040617300.0,62845.0,-600,,17020.0,16200.0,16558.47,,
2026-03-09,CORFICOLCF,17000.0,4.17,564317260.0,33639.0,680,,17000.0,16180.0,16775.68,,
2026-03-10,CORFICOLCF,17440.0,2.59,1387237200.0,79802.0,440,,17480.0,17120.0,17383.49,,
2026-03-11,CORFICOLCF,17320.0,-0.69,627689920.0,35875.0,-120,,17580.0,17320.0,17496.58,,
2026-03-12,CORFICOLCF,16840.0,-2.77,249040260.0,14609.0,-480,,17180.0,16840.0,17047.04,,
2026-03-13,CORFICOLCF,16320.0,-3.09,508085800.0,30706.0,-520,,16920.0,16320.0,16546.79,,
2026-03-16,CORFICOLCF,16760.0,2.7,498046220.0,29337.0,440,,17400.0,16620.0,16976.73,,
2026-03-17,CORFICOLCF,16900.0,0.84,766472520.0,44598.0,140,,17500.0,16820.0,17186.25,,
2026-03-18,CORFICOLCF,16960.0,0.36,495135680.0,29203.0,60,,17320.0,16840.0,16954.96,,
2026-03-19,CORFICOLCF,17100.0,0.83,527340320.0,31162.0,140,,17160.0,16420.0,16922.54,,
2026-03-20,CORFICOLCF,,1.17,681243680.0,39393.0,200,,17400.0,17200.0,17293.52,,
2026-03-24,CORFICOLCF,16840.0,9.35,1031026260.0,62435.0,1440,,16860.0,16100.0,16513.59,,
2026-03-25,CORFICOLCF,16860.0,-1.31,958007040.0,56538.0,-220,,17100.0,16620.0,16944.48,,
2026-03-26,CORFICOLCF,16500.0,-2.14,635326740.0,38081.0,-360,,17260.0,16500.0,16683.56,,
2026-03-27,CORFICOLCF,15700.0,-4.85,1424838000.0,89506.0,-800,,16600.0,15600.0,15918.91,,
2026-03-30,CORFICOLCF,16400.0,4.46,133034560.0,8131.0,700,,16460.0,15900.0,,,
2026-03-31,CORFICOLCF,16160.0,-1.46,245251420.0,14990.0,-240,,16960.0,16000.0,,,
2026-04-01,CORFICOLCF,16040.0,-0.74,153010020.0,9474.0,-120,,16680.0,16000.0,,,
2026-04-02,CORFICOLCF,,,,,,,,,,,
2026-04-03,CORFICOLCF,,,,,,,,,,,
2026-04-06,CORFICOLCF,16540.0,3.12,468001380.0,28637.0,500,,16600.0,16020.0,,,
2026-04-07,CORFICOLCF,16020.0,-3.14,816427200.0,50688.0,-520,,16280.0,16000.0,,,
2026-04-08,CORFICOLCF,16580.0,3.5,616773800.0,37586.0,560,,16580.0,16200.0,,,
2026-04-09,CORFICOLCF,16780.0,1.21,644502040.0,39139.0,200,,16780.0,16280.0,,,
2026-04-10,CORFICOLCF,16700.0,-0.48,490136060.0,29173.0,-80,,16900.0,16480.0,,,
2026-04-13,CORFICOLCF,16700.0,0,966251840.0,57953.0,0,,16820.0,16400.0,,,
2026-04-14,CORFICOLCF,16640.0,-0.36,1356081740.0,80917.0,-60,,16900.0,16600.0,,,
2026-04-15,CORFICOLCF,16460.0,-1.08,608140140.0,36676.0,-180,,16660.0,16400.0,,,
2026-04-16,CORFICOLCF,16380.0,-0.49,1150140180.0,70075.0,-80,,16460.0,16300.0,,,
2026-04-17,CORFICOLCF,16420.0,0.24,475117320.0,28601.0,40,,16700.0,16420.0,,,
2026-04-20,CORFICOLCF,16820.0,2.44,723651060.0,43184.0,400,,16840.0,16400.0,,,
2026-04-21,CORFICOLCF,16620.0,-1.19,1357006820.0,80667.0,-200,,17000.0,16620.0,,,
2026-04-22,CORFICOLCF,16480.0,-0.84,1026132760.0,62310.0,-140,,16600.0,16340.0,,,
2026-04-23,CORFICOLCF,16240.0,-1.46,843826880.0,51583.0,-240,,16700.0,16200.0,,,
2026-04-24,CORFICOLCF,15960.0,-1.72,1954959900.0,121977.0,-280,,16380.0,15940.0,,,
2026-04-27,CORFICOLCF,15980.0,0.13,371524880.0,23251.0,20,,16240.0,15820.0,,,
2026-04-28,CORFICOLCF,15760.0,-1.38,4155844100.0,261997.0,-220,,15980.0,15720.0,,,
2026-04-29,CORFICOLCF,15740.0,-0.13,858093260.0,54353.0,-20,,15900.0,15700.0,,,
2026-04-30,CORFICOLCF,15500.0,-1.52,845132140.0,54284.0,-240,,15800.0,15500.0,,,
2026-05-04,CORFICOLCF,15200.0,-1.94,926288280.0,59992.0,-300,,15700.0,15200.0,,,
2026-05-05,CORFICOLCF,15300.0,0.66,923138720.0,60226.0,100,,15700.0,15120.0,,,
2026-05-06,CORFICOLCF,15280.0,-0.13,604447920.0,39451.0,-20,,15580.0,15260.0,,,
2026-05-07,CORFICOLCF,15300.0,0.13,857266800.0,56123.0,20,,15480.0,15180.0,,,
2026-05-08,CORFICOLCF,15140.0,-1.05,978372580.0,64233.0,-160,,15320.0,15000.0,,,
2026-05-11,CORFICOLCF,15380.0,1.59,712188840.0,46432.0,240,,15400.0,15220.0,,,
2026-05-12,CORFICOLCF,14900.0,-3.12,597560340.0,39464.0,-480,,15380.0,14900.0,,,
2026-05-13,CORFICOLCF,14720.0,-1.21,238629320.0,16160.0,-180,,14920.0,14700.0,,,
2026-05-14,CORFICOLCF,15040.0,2.17,1101419820.0,73706.0,320,,15480.0,14620.0,,,
2026-05-15,CORFICOLCF,14820.0,-1.46,324010640.0,21677.0,-220,,15200.0,14800.0,,,
2026-05-18,CORFICOLCF,,,,,,,,,,,
2026-05-19,CORFICOLCF,14640.0,-1.21,351976560.0,23771.0,-180,,15000.0,14640.0,,,
2026-05-20,CORFICOLCF,14440.0,-1.37,2285934600.0,157199.0,-200,,14820.0,14280.0,,,
2026-05-21,CORFICOLCF,14680.0,1.66,125808200.0,8572.0,240,,14700.0,14620.0,,,
2026-05-22,CORFICOLCF,14460.0,-1.5,136094300.0,9380.0,-220,,14700.0,14360.0,,,
2026-05-25,CORFICOLCF,15160.0,4.84,567489500.0,37376.0,700,,15420.0,14700.0,,,
2026-05-26,CORFICOLCF,15880.0,4.75,1736776460.0,110042.0,720,,16000.0,15460.0,,,
2026-05-27,CORFICOLCF,15540.0,-2.14,1613048560.0,101741.0,-340,,16180.0,15540.0,,,
2026-05-28,CORFICOLCF,15500.0,-0.26,510892980.0,32816.0,-40,,15880.0,15400.0,,,
2026-05-29,CORFICOLCF,15140.0,-2.32,1915217780.0,123803.0,-360,,16160.0,15140.0,,,
2026-06-01,CORFICOLCF,15800.0,4.36,4449601720.0,278664.0,660,,16740.0,15740.0,,,
2026-06-02,CORFICOLCF,16380.0,3.67,839876560.0,52315.0,580,,16480.0,15800.0,,,
2026-06-03,CORFICOLCF,16020.0,-2.2,215627080.0,13414.0,-360,,16120.0,15940.0,,,
2026-06-04,CORFICOLCF,16200.0,1.12,351569920.0,22113.0,180,,16280.0,15540.0,,,
2026-06-05,CORFICOLCF,16020.0,-1.11,282434460.0,17556.0,-180,,16300.0,16020.0,,,
2026-06-08,CORFICOLCF,,,,,,,,,,,
2026-06-09,CORFICOLCF,16280.0,1.62,269114320.0,16752.0,260,,16320.0,15920.0,,,
2026-06-10,CORFICOLCF,16520.0,1.47,541431660.0,32973.0,240,,16580.0,16200.0,,,
2026-06-11,CORFICOLCF,16940.0,2.54,4099820880.0,249607.0,420,,16940.0,16140.0,,,
2026-06-12,CORFICOLCF,17700.0,4.49,2586564840.0,148770.0,760,,17700.0,16960.0,,,
2026-06-15,CORFICOLCF,,,,,,,,,,,
2026-06-16,CORFICOLCF,17140.0,-3.16,1129703480.0,64732.0,-560,,17720.0,17140.0,,,
2026-06-17,CORFICOLCF,17220.0,0.47,1301883060.0,75715.0,80,,17600.0,17000.0,,,
2026-06-18,CORFICOLCF,17520.0,1.74,1214529360.0,69942.0,300,,17520.0,17200.0,,,
2026-06-19,CORFICOLCF,18580.0,6.05,2289668820.0,127253.0,1060,,18600.0,17300.0,,,
2026-06-22,CORFICOLCF,18100.0,-2.58,5638904320.0,296760.0,-480,,19960.0,18100.0,,,
2026-06-23,CORFICOLCF,18180.0,0.44,2429152540.0,134519.0,80,,18300.0,17700.0,,,
2026-06-24,CORFICOLCF,17900.0,-1.54,1092522800.0,60592.0,-280,,18200.0,17900.0,,,
2026-06-25,CORFICOLCF,18480.0,3.24,2679606660.0,147264.0,580,,18480.0,17920.0,,,
2026-06-26,CORFICOLCF,18480.0,0,1323730600.0,72565.0,0,,18980.0,18100.0,,,
2026-06-30,CORFICOLCF,18460.0,-0.11,490211080.0,26544.0,-20,,18600.0,18400.0,,,
2026-07-01,CORFICOLCF,18020.0,-2.38,541854200.0,29779.0,-440,,18600.0,18020.0,,,
2026-07-02,CORFICOLCF,17940.0,-0.44,1835312460.0,101910.0,-80,,18500.0,17900.0,,,
2026-07-03,CORFICOLCF,18100.0,0.89,297843820.0,16483.0,160,,18500.0,17920.0,,,
2026-07-06,CORFICOLCF,18280.0,0.99,749092000.0,41601.0,180,,18400.0,17900.0,,,
2026-07-07,CORFICOLCF,17980.0,-1.64,176459980.0,9815.0,-300,,18200.0,17920.0,,,
2026-07-08,CORFICOLCF,18500.0,2.89,912004500.0,50077.0,520,,18500.0,17660.0,,,
2026-07-09,CORFICOLCF,18140.0,-1.95,1110737840.0,60430.0,-360,,18600.0,18060.0,,,
2026-07-10,CORFICOLCF,18600.0,2.54,826224760.0,44466.0,460,,18800.0,18100.0,,,
2026-07-13,CORFICOLCF,,,,,,,,,,,
2026-07-14,CORFICOLCF,19020.0,2.26,1254379500.0,66373.0,420,,19040.0,18700.0,,,
2026-07-15,CORFICOLCF,19580.0,2.94,2758580680.0,141736.0,560,,19800.0,19100.0,,,
2026-07-16,CORFICOLCF,19340.0,-1.23,1523850260.0,78314.0,-240,,19560.0,18720.0,,,
2026-07-17,CORFICOLCF,19580.0,1.24,284489180.0,14574.0,240,,19600.0,19400.0,,,
2026-07-21,CORFICOLCF,19820.0,1.23,993658340.0,50488.0,240,,19820.0,19440.0,-,,
2026-01-19,ECOPETROL,2270.0,0.22,29698841405.0,13149683.0,5,,2270.0,2220.0,2258.52,,
2026-01-20,ECOPETROL,2315.0,1.98,69572693505.0,30208320.0,45,,2335.0,2240.0,2303.1,,
2026-01-21,ECOPETROL,2345.0,1.3,88370428800.0,37655167.0,30,,2370.0,2320.0,2346.83,,
2026-01-22,ECOPETROL,2200.0,-6.18,73366275115.0,32608607.0,-145,,2335.0,2200.0,2249.91,,
2026-01-23,ECOPETROL,2275.0,3.41,40182276225.0,17696743.0,75,,2290.0,2205.0,2270.6,,
2026-01-26,ECOPETROL,2350.0,3.3,45380693500.0,19474997.0,75,,2355.0,2275.0,2330.2,,
2026-01-27,ECOPETROL,2355.0,0.21,96989428735.0,40595529.0,5,,2420.0,2340.0,2389.17,,
2026-01-28,ECOPETROL,2340.0,-0.64,77242513595.0,33060616.0,-15,,2400.0,2300.0,2336.39,,
2026-01-29,ECOPETROL,2320.0,-0.85,78260169305.0,33141644.0,-20,,2405.0,2310.0,2361.38,,
2026-01-30,ECOPETROL,2300.0,-0.86,69718274185.0,30194485.0,-20,,2345.0,2285.0,2308.97,,
2026-02-02,ECOPETROL,2235.0,-2.83,46382058440.0,20824614.0,-65,,2280.0,2205.0,2227.27,,
2026-02-03,ECOPETROL,2260.0,1.12,60674910440.0,26881236.0,25,,2280.0,2245.0,2257.15,,
2026-02-04,ECOPETROL,2225.0,-1.55,84438614230.0,38376331.0,-35,,2290.0,2150.0,2200.28,,
2026-02-05,ECOPETROL,2170.0,-2.47,36151714690.0,16500796.0,-55,,2225.0,2170.0,2190.91,,
2026-02-06,ECOPETROL,2240.0,3.23,33170121580.0,14923038.0,70,,2240.0,2160.0,2222.75,,
2026-02-09,ECOPETROL,2250.0,0.45,56887444200.0,25356422.0,10,,2290.0,2215.0,2243.51,,
2026-02-10,ECOPETROL,2215.0,-1.56,58550451915.0,26631637.0,-35,,2250.0,2180.0,2198.53,,
2026-02-11,ECOPETROL,2230.0,0.68,35491745455.0,15795153.0,15,,2265.0,2215.0,2247,,
2026-02-12,ECOPETROL,2185.0,-2.02,33369970140.0,15282556.0,-45,,2230.0,2155.0,2183.53,,
2026-02-13,ECOPETROL,2190.0,0.23,14826790230.0,6808892.0,5,,2195.0,2165.0,2177.56,,
2026-02-16,ECOPETROL,2235.0,2.05,10824108375.0,4873524.0,45,,2240.0,2205.0,2221,,
2026-02-17,ECOPETROL,2175.0,-2.68,61039607930.0,28234661.0,-60,,2205.0,2150.0,2161.87,,
2026-02-18,ECOPETROL,2215.0,1.84,42143868375.0,19195248.0,40,,2215.0,2180.0,2195.54,,
2026-02-19,ECOPETROL,2315.0,4.51,64701550205.0,28487144.0,100,,2325.0,2220.0,2271.25,,
2026-02-20,ECOPETROL,2310.0,-0.22,56117843730.0,24356129.0,-5,,2350.0,2255.0,2304.05,,
2026-02-23,ECOPETROL,2330.0,0.87,80451711870.0,34174824.0,20,,2390.0,2315.0,2354.12,,
2026-02-24,ECOPETROL,2300.0,-1.29,42956559945.0,18609383.0,-30,,2330.0,2290.0,2308.33,,
2026-02-25,ECOPETROL,2330.0,1.3,62884435460.0,27295823.0,30,,2345.0,2260.0,2303.81,,
2026-02-26,ECOPETROL,2250.0,-3.43,43077544395.0,18910787.0,-80,,2310.0,2245.0,2277.94,,
2026-02-27,ECOPETROL,2240.0,-0.44,55306099815.0,24613295.0,-10,,2305.0,2225.0,2247,,
2026-03-02,ECOPETROL,2280.0,1.79,75761152995.0,33105541.0,40,,2360.0,2265.0,2288.47,,
2026-03-03,ECOPETROL,2215.0,-2.85,50440867500.0,22509070.0,-65,,2330.0,2215.0,2240.91,,
2026-03-04,ECOPETROL,2180.0,-1.58,33126971425.0,15110736.0,-35,,2225.0,2175.0,2192.28,,
2026-03-05,ECOPETROL,2370.0,8.72,112596242715.0,48627921.0,190,,2395.0,2190.0,2315.46,,
2026-03-06,ECOPETROL,2425.0,2.32,111568133000.0,45176352.0,55,,2500.0,2380.0,2469.61,,
2026-03-09,ECOPETROL,2390.0,-1.44,112030601755.0,45633557.0,-35,,2510.0,2385.0,2455,,
2026-03-10,ECOPETROL,2400.0,0.42,100005965850.0,42043903.0,10,,2420.0,2325.0,2378.61,,
2026-03-11,ECOPETROL,2500.0,4.17,61106945270.0,24699873.0,100,,2505.0,2400.0,2473.98,,
2026-03-12,ECOPETROL,2570.0,2.8,124154011910.0,48742761.0,70,,2590.0,2510.0,2547.13,,
2026-03-13,ECOPETROL,2555.0,-0.58,51556757875.0,20203764.0,-15,,2595.0,2520.0,2551.84,,
2026-03-16,ECOPETROL,2615.0,2.35,63771982670.0,24488988.0,60,,2635.0,2530.0,2604.11,,
2026-03-17,ECOPETROL,2720.0,4.02,72824566625.0,27083429.0,105,,2725.0,2610.0,2688.9,,
2026-03-18,ECOPETROL,2700.0,-0.74,66950261190.0,24508158.0,-20,,2770.0,2700.0,2731.75,,
2026-03-19,ECOPETROL,2675.0,-0.93,189388323730.0,68504625.0,-25,,2830.0,2665.0,2764.61,,
2026-03-20,ECOPETROL,,2.99,119957390825.0,44375698.0,80,,2770.0,2630.0,2703.22,,
2026-03-24,ECOPETROL,2685.0,-4.79,35648418705.0,13163461.0,-135,,2740.0,2675.0,2708.13,,
2026-03-25,ECOPETROL,2745.0,-0.19,30122385100.0,11304526.0,-5,,2695.0,2620.0,2664.63,,
2026-03-26,ECOPETROL,2700.0,-1.64,51827209085.0,18840377.0,-45,,2780.0,2700.0,2750.86,,
2026-03-27,ECOPETROL,2765.0,2.41,98598108880.0,35924355.0,65,,2780.0,2700.0,2744.6,,
2026-03-30,ECOPETROL,2760.0,-0.18,27600825065.0,9906195.0,-5,,2830.0,2725.0,,,
2026-03-31,ECOPETROL,2800.0,1.45,37656573970.0,13522981.0,40,,2845.0,2660.0,,,
2026-04-01,ECOPETROL,2640.0,-5.71,67365992755.0,25228429.0,-160,,2760.0,2625.0,,,
2026-04-02,ECOPETROL,,,,,,,,,,,
2026-04-03,ECOPETROL,,,,,,,,,,,
2026-04-06,ECOPETROL,2735.0,3.6,48278869935.0,17764081.0,95,,2770.0,2655.0,,,
2026-04-07,ECOPETROL,2690.0,-1.65,54445214790.0,20028673.0,-45,,2800.0,2670.0,,,
2026-04-08,ECOPETROL,2580.0,-4.09,83501135870.0,32754171.0,-110,,2585.0,2445.0,,,
2026-04-09,ECOPETROL,2555.0,-0.97,48262667810.0,18896838.0,-25,,2600.0,2525.0,,,
2026-04-10,ECOPETROL,2555.0,0,31489103995.0,12288899.0,0,,2580.0,2530.0,,,
2026-04-13,ECOPETROL,2525.0,-1.17,90412905565.0,35447998.0,-30,,2645.0,2495.0,,,
2026-04-14,ECOPETROL,2415.0,-4.36,64667475780.0,26533341.0,-110,,2525.0,2395.0,,,
2026-04-15,ECOPETROL,2370.0,-1.86,33186821640.0,13805937.0,-45,,2455.0,2370.0,,,
2026-04-16,ECOPETROL,2470.0,4.22,78199259060.0,32149364.0,100,,2485.0,2380.0,,,
2026-04-17,ECOPETROL,2435.0,-1.42,100979637265.0,42410630.0,-35,,2440.0,2325.0,,,
2026-04-20,ECOPETROL,2435.0,0,44404328345.0,18116545.0,0,,2485.0,2430.0,,,
2026-04-21,ECOPETROL,2530.0,3.9,55036676995.0,21990909.0,95,,2535.0,2455.0,,,
2026-04-22,ECOPETROL,2550.0,0.79,49249099420.0,19234485.0,20,,2600.0,2540.0,,,
2026-04-23,ECOPETROL,2580.0,1.18,75354736015.0,29356907.0,30,,2615.0,2530.0,,,
2026-04-24,ECOPETROL,2455.0,-4.84,27537567685.0,11123116.0,-125,,2525.0,2445.0,,,
2026-04-27,ECOPETROL,2370.0,-3.46,57952465605.0,23785885.0,-85,,2495.0,2365.0,,,
2026-04-28,ECOPETROL,2400.0,1.27,41549401605.0,17293611.0,30,,2470.0,2380.0,,,
2026-04-29,ECOPETROL,2500.0,4.17,89012341650.0,35831214.0,100,,2525.0,2420.0,,,
2026-04-30,ECOPETROL,2600.0,4,77041442930.0,30182854.0,100,,2600.0,2440.0,,,
2026-05-04,ECOPETROL,2620.0,0.77,47182604145.0,18233609.0,20,,2620.0,2540.0,,,
2026-05-05,ECOPETROL,2620.0,0,76652824705.0,29381978.0,0,,2655.0,2565.0,,,
2026-05-06,ECOPETROL,2475.0,-5.53,57419535185.0,22960432.0,-145,,2550.0,2475.0,,,
2026-05-07,ECOPETROL,2430.0,-1.82,63700904125.0,26205934.0,-45,,2480.0,2390.0,,,
2026-05-08,ECOPETROL,2350.0,-3.29,62076812960.0,25958660.0,-80,,2435.0,2350.0,,,
2026-05-11,ECOPETROL,2410.0,2.55,39354059495.0,16379805.0,60,,2430.0,2370.0,,,
2026-05-12,ECOPETROL,2465.0,2.28,57694624105.0,23570760.0,55,,2480.0,2425.0,,,
2026-05-13,ECOPETROL,2425.0,-1.62,85937903715.0,34446802.0,-40,,2535.0,2425.0,,,
2026-05-14,ECOPETROL,2485.0,2.47,84551170470.0,33853293.0,60,,2520.0,2420.0,,,
2026-05-15,ECOPETROL,2480.0,-0.2,61484976010.0,24761299.0,-5,,2540.0,2455.0,,,
2026-05-18,ECOPETROL,,,,,,,,,,,
2026-05-19,ECOPETROL,2640.0,6.45,114145690090.0,43920976.0,160,,2640.0,2570.0,,,
2026-05-20,ECOPETROL,2545.0,-3.6,109345461920.0,42277401.0,-95,,2660.0,2540.0,,,
2026-05-21,ECOPETROL,2575.0,1.18,55651936365.0,21791696.0,30,,2610.0,2500.0,,,
2026-05-22,ECOPETROL,2545.0,-1.17,57347279800.0,22640950.0,-30,,2565.0,2500.0,,,
2026-05-25,ECOPETROL,2535.0,-0.39,13982156005.0,5555571.0,-10,,2590.0,2450.0,,,
2026-05-26,ECOPETROL,2730.0,7.69,178858167140.0,67086408.0,195,,2755.0,2495.0,,,
2026-05-27,ECOPETROL,2715.0,-0.55,96981980030.0,36136049.0,-15,,2715.0,2655.0,,,
2026-05-28,ECOPETROL,2695.0,-0.74,94845612060.0,35063550.0,-20,,2755.0,2660.0,,,
2026-05-29,ECOPETROL,2660.0,-1.3,85394142485.0,31876603.0,-35,,2730.0,2625.0,,,
2026-06-01,ECOPETROL,2890.0,8.65,145595941640.0,50847241.0,230,,2915.0,2800.0,,,
2026-06-02,ECOPETROL,2870.0,-0.69,69111620830.0,24066210.0,-20,,2900.0,2830.0,,,
2026-06-03,ECOPETROL,2800.0,-2.44,54401165225.0,19327979.0,-70,,2880.0,2775.0,,,
2026-06-04,ECOPETROL,2800.0,0,77891021950.0,28274108.0,0,,2800.0,2725.0,,,
2026-06-05,ECOPETROL,2725.0,-2.68,97096447920.0,35266181.0,-75,,2790.0,2725.0,,,
2026-06-08,ECOPETROL,,,,,,,,,,,
2026-06-09,ECOPETROL,2835.0,4.04,155333625920.0,55541842.0,110,,2850.0,2700.0,,,
2026-06-10,ECOPETROL,2885.0,1.76,129648208725.0,43982499.0,50,,3000.0,2840.0,,,
2026-06-11,ECOPETROL,2835.0,-1.73,96837830880.0,33614551.0,-50,,2935.0,2820.0,,,
2026-06-12,ECOPETROL,2875.0,1.41,54257973240.0,18993540.0,40,,2875.0,2810.0,,,
2026-06-15,ECOPETROL,,,,,,,,,,,
2026-06-16,ECOPETROL,2725.0,-5.22,120872027585.0,45031731.0,-150,,2725.0,2645.0,,,
2026-06-17,ECOPETROL,2725.0,0,117758284575.0,43338793.0,0,,2760.0,2690.0,,,
2026-06-18,ECOPETROL,2845.0,4.4,207086590030.0,73856461.0,120,,2890.0,2660.0,,,
2026-06-19,ECOPETROL,3050.0,7.21,106999513650.0,35855848.0,205,,3050.0,2870.0,,,
2026-06-22,ECOPETROL,2790.0,-8.52,289996672865.0,103685107.0,-260,,3060.0,2700.0,,,
2026-06-23,ECOPETROL,2655.0,-4.84,74545478615.0,27675388.0,-135,,2790.0,2655.0,,,
2026-06-24,ECOPETROL,2505.0,-5.65,186459053440.0,72935359.0,-150,,2640.0,2485.0,,,
2026-06-25,ECOPETROL,2500.0,-0.2,73334214155.0,29325185.0,-5,,2545.0,2450.0,,,
2026-06-26,ECOPETROL,2560.0,2.4,132481534040.0,52408561.0,60,,2570.0,2465.0,,,
2026-06-30,ECOPETROL,2435.0,-4.88,54893485125.0,22320212.0,-125,,2560.0,2415.0,,,
2026-07-01,ECOPETROL,2440.0,0.21,67780341600.0,27562214.0,5,,2495.0,2410.0,,,
2026-07-02,ECOPETROL,2470.0,1.23,52922023845.0,21477157.0,30,,2505.0,2420.0,,,
2026-07-03,ECOPETROL,2550.0,3.24,22593459280.0,8997932.0,80,,2550.0,2485.0,,,
2026-07-06,ECOPETROL,2435.0,-4.51,35161657615.0,14287783.0,-115,,2550.0,2415.0,,,
2026-07-07,ECOPETROL,2430.0,-0.21,57195976345.0,23531151.0,-5,,2465.0,2385.0,,,
2026-07-08,ECOPETROL,2550.0,4.94,57094332340.0,22550321.0,120,,2575.0,2500.0,,,
2026-07-09,ECOPETROL,2535.0,-0.59,72884836350.0,28961664.0,-15,,2550.0,2485.0,,,
2026-07-10,ECOPETROL,2545.0,0.39,76211401885.0,30296450.0,10,,2545.0,2480.0,,,
2026-07-13,ECOPETROL,,,,,,,,,,,
2026-07-14,ECOPETROL,2630.0,3.34,80504493765.0,30970192.0,85,,2630.0,2570.0,,,
2026-07-15,ECOPETROL,2590.0,-1.52,58896272695.0,22624785.0,-40,,2650.0,2585.0,,,
2026-07-16,ECOPETROL,2575.0,-0.58,156588621420.0,60953983.0,-15,,2605.0,2535.0,,,
2026-07-17,ECOPETROL,2625.0,1.94,104048207800.0,39825714.0,50,,2625.0,2580.0,,,
2026-07-21,ECOPETROL,2650.0,0.95,83062486380.0,30950805.0,25,,2720.0,2645.0,-,,
2026-01-19,GEB,3215.0,0.47,8420145135.0,2641776.0,15,,3215.0,3170.0,3187.3,,
2026-01-20,GEB,3235.0,0.62,23011558420.0,7233428.0,20,,3235.0,3155.0,3181.28,,
2026-01-21,GEB,3240.0,0.15,22292619780.0,6922118.0,5,,3240.0,3200.0,3220.49,,
2026-01-22,GEB,3240.0,0,3265371095.0,1012222.0,0,,3240.0,3200.0,3225.94,,
2026-01-23,GEB,3250.0,0.31,3516891925.0,1088218.0,10,,3250.0,3200.0,3231.79,,
2026-01-26,GEB,3295.0,1.38,8918081550.0,2721705.0,45,,3300.0,3205.0,3276.65,,
2026-01-27,GEB,3335.0,1.21,3496826255.0,1048917.0,40,,3345.0,3310.0,3333.75,,
2026-01-28,GEB,3395.0,1.8,4747403305.0,1419354.0,60,,3395.0,3300.0,3344.76,,
2026-01-29,GEB,3340.0,-1.62,1842442790.0,552420.0,-55,,3390.0,3295.0,3335.22,,
2026-01-30,GEB,3275.0,-1.95,5898069370.0,1800022.0,-65,,3380.0,3230.0,3276.67,,
2026-02-02,GEB,3050.0,-6.87,10325411810.0,3337008.0,-225,,3230.0,3050.0,3094.21,,
2026-02-03,GEB,2985.0,-2.13,6305576375.0,2086466.0,-65,,3100.0,2985.0,3022.13,,
2026-02-04,GEB,2880.0,-3.52,12571181380.0,4313483.0,-105,,3030.0,2880.0,2914.39,,
2026-02-05,GEB,2830.0,-1.74,10865802080.0,3777177.0,-50,,2920.0,2830.0,2876.7,,
2026-02-06,GEB,2870.0,1.41,6651529915.0,2296633.0,40,,2935.0,2860.0,2896.21,,
2026-02-09,GEB,2910.0,1.39,2693407545.0,921389.0,40,,2945.0,2910.0,2923.2,,
2026-02-10,GEB,2985.0,2.58,2902639385.0,979949.0,75,,3000.0,2920.0,2962.03,,
2026-02-11,GEB,2995.0,0.34,3116683675.0,1044615.0,10,,2995.0,2970.0,2983.57,,
2026-02-12,GEB,2975.0,-0.67,1965363490.0,665328.0,-20,,2985.0,2915.0,2953.98,,
2026-02-13,GEB,3015.0,1.34,9294138355.0,3122565.0,40,,3015.0,2970.0,2976.44,,
2026-02-16,GEB,3000.0,-0.5,3824852300.0,1288671.0,-15,,3015.0,2950.0,2968.06,,
2026-02-17,GEB,3000.0,0,6817206605.0,2273037.0,0,,3010.0,2990.0,2999.16,,
2026-02-18,GEB,3020.0,0.67,8048273350.0,2681725.0,20,,3020.0,2990.0,3001.16,,
2026-02-19,GEB,3040.0,0.66,5497176755.0,1819851.0,20,,3040.0,3010.0,3020.67,,
2026-02-20,GEB,3040.0,0,2424307835.0,798421.0,0,,3045.0,3020.0,3036.38,,
2026-02-23,GEB,2960.0,-2.63,5580095985.0,1858899.0,-80,,3050.0,2950.0,3001.83,,
2026-02-24,GEB,2980.0,0.68,2059327915.0,695316.0,20,,2980.0,2945.0,2961.72,,
2026-02-25,GEB,2905.0,-2.52,4853526655.0,1670370.0,-75,,2980.0,2830.0,2905.66,,
2026-02-26,GEB,2860.0,-1.55,3343701660.0,1171419.0,-45,,2945.0,2805.0,2854.4,,
2026-02-27,GEB,2790.0,-2.45,16929533220.0,6030807.0,-70,,2895.0,2790.0,2807.18,,
2026-03-02,GEB,2715.0,-2.69,2951748450.0,1062491.0,-75,,2855.0,2715.0,2778.14,,
2026-03-03,GEB,2720.0,0.18,7187157340.0,2684357.0,5,,2750.0,2625.0,2677.42,,
2026-03-04,GEB,2720.0,0,3170801445.0,1148858.0,0,,2820.0,2720.0,2759.96,,
2026-03-05,GEB,2760.0,1.47,2057896225.0,747630.0,40,,2775.0,2740.0,2752.56,,
2026-03-06,GEB,2775.0,0.54,2014745410.0,726139.0,15,,2795.0,2755.0,2774.6,,
2026-03-09,GEB,2915.0,5.05,4373228400.0,1521630.0,140,,2915.0,2785.0,2874.04,,
2026-03-10,GEB,2900.0,-0.51,4310723975.0,1512807.0,-15,,2915.0,2825.0,2849.49,,
2026-03-11,GEB,2905.0,0.17,2510317700.0,865648.0,5,,2915.0,2880.0,2899.93,,
2026-03-12,GEB,2805.0,-3.44,2874563515.0,1003570.0,-100,,2915.0,2805.0,2864.34,,
2026-03-13,GEB,2880.0,2.67,1848335460.0,650026.0,75,,2880.0,2825.0,2843.48,,
2026-03-16,GEB,2860.0,-0.69,1784635030.0,619481.0,-20,,2910.0,2850.0,2880.86,,
2026-03-17,GEB,2860.0,0,1239102580.0,432385.0,0,,2875.0,2860.0,2865.74,,
2026-03-18,GEB,2870.0,0.35,9763577320.0,3407065.0,10,,2875.0,2860.0,2865.69,,
2026-03-19,GEB,2875.0,0.17,955970000.0,333553.0,5,,2875.0,2855.0,2866.02,,
2026-03-20,GEB,,2.26,3789627140.0,1301545.0,65,,2940.0,2875.0,2911.64,,
2026-03-24,GEB,3000.0,2.04,2134282035.0,723343.0,60,,3000.0,2905.0,2950.58,,
2026-03-25,GEB,3020.0,-0.17,1026522220.0,342056.0,-5,,3020.0,2990.0,3001.04,,
2026-03-26,GEB,2995.0,-0.83,1121875420.0,373459.0,-25,,3030.0,2985.0,3004.01,,
2026-03-27,GEB,2940.0,-1.84,3206069910.0,1086296.0,-55,,2990.0,2920.0,2951.38,,
2026-03-30,GEB,2945.0,0.17,836935115.0,284464.0,5,,2960.0,2925.0,,,
2026-03-31,GEB,2960.0,0.51,811843920.0,275476.0,15,,2965.0,2925.0,,,
2026-04-01,GEB,2965.0,0.17,465966410.0,157714.0,5,,2975.0,2940.0,,,
2026-04-02,GEB,,,,,,,,,,,
2026-04-03,GEB,,,,,,,,,,,
2026-04-06,GEB,2955.0,-0.34,1193187750.0,404876.0,-10,,2970.0,2860.0,,,
2026-04-07,GEB,2950.0,-0.17,1616627275.0,550350.0,-5,,2980.0,2900.0,,,
2026-04-08,GEB,3015.0,2.2,5344544770.0,1781533.0,65,,3020.0,2960.0,,,
2026-04-09,GEB,3090.0,2.49,7758999210.0,2521186.0,75,,3145.0,3000.0,,,
2026-04-10,GEB,3115.0,0.81,4854342755.0,1567525.0,25,,3145.0,3000.0,,,
2026-04-13,GEB,3105.0,-0.32,3689343535.0,1186831.0,-10,,3120.0,3080.0,,,
2026-04-14,GEB,3135.0,0.97,7532092315.0,2415843.0,30,,3135.0,3075.0,,,
2026-04-15,GEB,3050.0,-2.71,1649557665.0,537110.0,-85,,3130.0,3050.0,,,
2026-04-16,GEB,3050.0,0,2943077120.0,960743.0,0,,3085.0,3050.0,,,
2026-04-17,GEB,3090.0,1.31,3640662135.0,1180221.0,40,,3090.0,3060.0,,,
2026-04-20,GEB,3140.0,1.62,2070149240.0,663797.0,50,,3140.0,3100.0,,,
2026-04-21,GEB,3130.0,-0.32,7171219260.0,2297035.0,-10,,3140.0,3115.0,,,
2026-04-22,GEB,3100.0,-0.96,1781341485.0,572815.0,-30,,3130.0,3090.0,,,
2026-04-23,GEB,3100.0,0,1995913575.0,643657.0,0,,3110.0,,,,
2026-04-24,GEB,3090.0,-0.32,1486698985.0,480037.0,-10,,3105.0,3090.0,,,
2026-04-27,GEB,3045.0,-1.46,2723326660.0,890336.0,-45,,3080.0,3010.0,,,
2026-04-28,GEB,3030.0,-0.49,3887364325.0,1281262.0,-15,,3055.0,3015.0,,,
2026-04-29,GEB,3030.0,0,3196970300.0,1052641.0,0,,3060.0,3015.0,,,
2026-04-30,GEB,3045.0,0.5,903835355.0,294896.0,15,,3085.0,3035.0,,,
2026-05-04,GEB,3095.0,1.64,1104915695.0,358570.0,50,,3100.0,3065.0,,,
2026-05-05,GEB,3130.0,1.13,3026483445.0,971607.0,35,,3130.0,3085.0,,,
2026-05-06,GEB,3000.0,-4.15,2566384495.0,836866.0,-130,,3120.0,3000.0,,,
2026-05-07,GEB,3055.0,1.83,5727883765.0,1880655.0,55,,3080.0,3035.0,,,
2026-05-08,GEB,3010.0,-1.47,2654958640.0,873404.0,-45,,3070.0,3010.0,,,
2026-05-11,GEB,2970.0,-1.33,1722833015.0,576138.0,-40,,3030.0,2970.0,,,
2026-05-12,GEB,2875.0,-3.2,2977833930.0,1020508.0,-95,,3020.0,2875.0,,,
2026-05-13,GEB,2940.0,2.26,1302012620.0,448072.0,65,,2940.0,2870.0,,,
2026-05-14,GEB,2985.0,1.53,3613893770.0,1210333.0,45,,3050.0,2935.0,,,
2026-05-15,GEB,2950.0,-1.17,1827057865.0,620419.0,-35,,2990.0,2900.0,,,
2026-05-18,GEB,,,,,,,,,,,
2026-05-19,GEB,2900.0,-1.69,1249802585.0,429687.0,-50,,2965.0,2880.0,,,
2026-05-20,GEB,2840.0,-2.07,2824669600.0,988441.0,-60,,2905.0,2830.0,,,
2026-05-21,GEB,2840.0,0,1883566675.0,661776.0,0,,2875.0,2840.0,,,
2026-05-22,GEB,2870.0,1.06,2044868280.0,714932.0,30,,2875.0,2830.0,,,
2026-05-25,GEB,2850.0,-0.7,2356273830.0,824810.0,-20,,2890.0,2850.0,,,
2026-05-26,GEB,2845.0,-0.18,8807314765.0,3085644.0,-5,,2900.0,2820.0,,,
2026-05-27,GEB,2830.0,-0.53,4326729400.0,1533366.0,-15,,2865.0,2805.0,,,
2026-05-28,GEB,2780.0,-1.77,2780504310.0,996526.0,-50,,2835.0,2770.0,,,
2026-05-29,GEB,2700.0,-2.88,38784235780.0,14288029.0,-80,,2875.0,2700.0,,,
2026-06-01,GEB,2820.0,4.44,9871184765.0,3498578.0,120,,2900.0,2780.0,,,
2026-06-02,GEB,2850.0,1.06,1673695590.0,589543.0,30,,2865.0,2820.0,,,
2026-06-03,GEB,2830.0,-0.7,888999965.0,313730.0,-20,,2850.0,2820.0,,,
2026-06-04,GEB,2820.0,-0.35,1526074985.0,538935.0,-10,,2850.0,2820.0,,,
2026-06-05,GEB,2815.0,-0.18,2174196100.0,772484.0,-5,,2830.0,2800.0,,,
2026-06-08,GEB,,,,,,,,,,,
2026-06-09,GEB,2825.0,0.36,2631864230.0,930972.0,10,,2840.0,2810.0,,,
2026-06-10,GEB,2835.0,0.35,1921150655.0,676983.0,10,,2865.0,2820.0,,,
2026-06-11,GEB,2950.0,4.06,3350981945.0,1158572.0,115,,2975.0,2840.0,,,
2026-06-12,GEB,3050.0,3.39,8378297235.0,2761126.0,100,,3060.0,2865.0,,,
2026-06-15,GEB,,,,,,,,,,,
2026-06-16,GEB,3040.0,-0.33,3455341965.0,1135589.0,-10,,3065.0,3005.0,,,
2026-06-17,GEB,3065.0,0.82,4217069330.0,1380300.0,25,,3070.0,3015.0,,,
2026-06-18,GEB,3050.0,-0.49,5587410210.0,1825169.0,-15,,3070.0,3040.0,,,
2026-06-19,GEB,3070.0,0.66,3781787645.0,1232189.0,20,,3080.0,3045.0,,,
2026-06-22,GEB,3010.0,-1.95,6843423430.0,2237550.0,-60,,3110.0,3000.0,,,
2026-06-23,GEB,2995.0,-0.5,7858152745.0,2618983.0,-15,,3060.0,2990.0,,,
2026-06-24,GEB,2890.0,-3.51,2463494705.0,840638.0,-105,,3020.0,2890.0,,,
2026-06-25,GEB,2855.0,-1.21,3593089635.0,1254010.0,-35,,2925.0,2845.0,,,
2026-06-26,GEB,2905.0,1.75,3138271040.0,1084782.0,50,,2930.0,2855.0,,,
2026-06-30,GEB,2860.0,-1.55,1216986245.0,418122.0,-45,,2950.0,2860.0,,,
2026-07-01,GEB,2910.0,1.75,2310295510.0,795144.0,50,,2930.0,2860.0,,,
2026-07-02,GEB,2905.0,-0.17,2470767710.0,851278.0,-5,,2920.0,2890.0,,,
2026-07-03,GEB,2930.0,0.86,1391700510.0,476509.0,25,,2940.0,2900.0,,,
2026-07-06,GEB,2930.0,0,1751885725.0,601437.0,0,,2965.0,2885.0,,,
2026-07-07,GEB,2900.0,-1.02,941963160.0,324998.0,-30,,2930.0,2885.0,,,
2026-07-08,GEB,2900.0,0,1819141995.0,627395.0,0,,2920.0,2885.0,,,
2026-07-09,GEB,2890.0,-0.34,3770287855.0,1301135.0,-10,,2950.0,2880.0,,,
2026-07-10,GEB,2960.0,2.42,3408108090.0,1157838.0,70,,2960.0,2890.0,,,
2026-07-13,GEB,,,,,,,,,,,
2026-07-14,GEB,2975.0,0.51,3047169420.0,1022107.0,15,,3000.0,2960.0,,,
2026-07-15,GEB,2980.0,0.17,2560680715.0,855356.0,5,,3005.0,2975.0,,,
2026-07-16,GEB,2990.0,0.34,1460374540.0,487379.0,10,,3010.0,2985.0,,,
2026-07-17,GEB,3000.0,0.33,1245319325.0,415744.0,10,,3005.0,2985.0,,,
2026-07-21,GEB,2985.0,-0.5,2639057315.0,880655.0,-15,,3030.0,2985.0,-,,
2026-01-19,GRUPOARGOS,17880.0,-0.45,4608234600.0,257197.0,-80,,18100.0,17540.0,17917.14,,
2026-01-20,GRUPOARGOS,17940.0,0.34,3999236140.0,223608.0,60,,17960.0,17740.0,17885.03,,
2026-01-21,GRUPOARGOS,18480.0,3.01,11089462280.0,607538.0,540,,18480.0,17960.0,18253.12,,
2026-01-22,GRUPOARGOS,18480.0,0,5108380680.0,281346.0,0,,18500.0,18000.0,18156.93,,
2026-01-23,GRUPOARGOS,18480.0,0,5076317580.0,275536.0,0,,18480.0,18100.0,18423.43,,
2026-01-26,GRUPOARGOS,18660.0,0.97,5553314780.0,299586.0,180,,18700.0,18300.0,18536.63,,
2026-01-27,GRUPOARGOS,18680.0,0.11,7407576160.0,399936.0,20,,18780.0,18300.0,18521.9,,
2026-01-28,GRUPOARGOS,18400.0,-1.5,5072186540.0,276305.0,-280,,18680.0,18280.0,18357.2,,
2026-01-29,GRUPOARGOS,18400.0,0,2496261880.0,135800.0,0,,18540.0,18200.0,18381.9,,
2026-01-30,GRUPOARGOS,18740.0,1.85,8373043000.0,446741.0,340,,18960.0,18480.0,18742.5,,
2026-02-02,GRUPOARGOS,18360.0,-2.03,3693407780.0,202642.0,-380,,18800.0,18040.0,18226.27,,
2026-02-03,GRUPOARGOS,18000.0,-1.96,10621747960.0,591725.0,-360,,18460.0,17740.0,17950.48,,
2026-02-04,GRUPOARGOS,17500.0,-2.78,8628448200.0,496689.0,-500,,17900.0,17200.0,17371.93,,
2026-02-05,GRUPOARGOS,18100.0,3.43,3358122140.0,193170.0,600,,18100.0,17080.0,17384.28,,
2026-02-06,GRUPOARGOS,17780.0,-1.77,3757878780.0,213243.0,-320,,17980.0,17220.0,17622.52,,
2026-02-09,GRUPOARGOS,18100.0,1.8,2199489560.0,123189.0,320,,18100.0,17660.0,17854.59,,
2026-02-10,GRUPOARGOS,18360.0,1.44,2707584560.0,150056.0,260,,18400.0,17800.0,18043.83,,
2026-02-11,GRUPOARGOS,17920.0,-2.4,2629319520.0,146562.0,-440,,18020.0,17800.0,17939.98,,
2026-02-12,GRUPOARGOS,17800.0,-0.67,1354419800.0,76283.0,-120,,17960.0,17560.0,17755.2,,
2026-02-13,GRUPOARGOS,18500.0,3.93,3664711600.0,202675.0,700,,18500.0,17420.0,18081.72,,
2026-02-16,GRUPOARGOS,18080.0,-2.27,383088840.0,21170.0,-420,,18200.0,18080.0,18095.84,,
2026-02-17,GRUPOARGOS,17600.0,-2.65,3735533800.0,212079.0,-480,,17840.0,17500.0,17613.88,,
2026-02-18,GRUPOARGOS,17940.0,1.93,2286962220.0,128298.0,340,,17980.0,17400.0,17825.39,,
2026-02-19,GRUPOARGOS,17740.0,-1.11,1441793660.0,81416.0,-200,,17900.0,17620.0,17708.97,,
2026-02-20,GRUPOARGOS,17720.0,-0.11,4026591020.0,227779.0,-20,,17880.0,17520.0,17677.62,,
2026-02-23,GRUPOARGOS,17640.0,-0.45,3447214100.0,197429.0,-80,,17800.0,17300.0,17460.53,,
2026-02-24,GRUPOARGOS,17340.0,-1.7,1788915520.0,103983.0,-300,,17520.0,17000.0,17203.92,,
2026-02-25,GRUPOARGOS,17000.0,-1.96,3070421920.0,181653.0,-340,,17340.0,16720.0,16902.68,,
2026-02-26,GRUPOARGOS,16900.0,-0.59,1965642520.0,119372.0,-100,,16900.0,16300.0,16466.53,,
2026-02-27,GRUPOARGOS,16500.0,-2.37,5676812520.0,344751.0,-400,,16800.0,16200.0,16466.41,,
2026-03-02,GRUPOARGOS,16000.0,-3.03,1886940660.0,116245.0,-500,,16400.0,16000.0,16232.45,,
2026-03-03,GRUPOARGOS,15960.0,-0.25,4026208120.0,262154.0,-40,,15960.0,14800.0,15358.18,,
2026-03-04,GRUPOARGOS,15400.0,-3.51,5587567380.0,359327.0,-560,,16400.0,15200.0,15550.09,,
2026-03-05,GRUPOARGOS,15500.0,0.65,1527915600.0,97979.0,100,,16400.0,15400.0,15594.32,,
2026-03-06,GRUPOARGOS,15700.0,1.29,2082757080.0,135043.0,200,,15740.0,15140.0,15422.92,,
2026-03-09,GRUPOARGOS,16000.0,1.91,3373160440.0,211151.0,300,,16360.0,15600.0,15975.11,,
2026-03-10,GRUPOARGOS,15960.0,-0.25,7617685100.0,477713.0,-40,,16200.0,15600.0,15946.15,,
2026-03-11,GRUPOARGOS,15820.0,-0.88,2416886940.0,152414.0,-140,,16000.0,15740.0,15857.38,,
2026-03-12,GRUPOARGOS,15580.0,-1.52,4414361680.0,288071.0,-240,,15600.0,15000.0,15323.87,,
2026-03-13,GRUPOARGOS,16000.0,2.7,1468426280.0,94240.0,420,,16100.0,15360.0,15581.77,,
2026-03-16,GRUPOARGOS,15780.0,-1.37,2814315540.0,178506.0,-220,,16100.0,15500.0,15765.94,,
2026-03-17,GRUPOARGOS,15640.0,-0.89,1677528420.0,107421.0,-140,,15840.0,15340.0,15616.39,,
2026-03-18,GRUPOARGOS,15600.0,-0.26,672511420.0,43590.0,-40,,15600.0,15360.0,15428.11,,
2026-03-19,GRUPOARGOS,15800.0,1.28,2625951180.0,168923.0,200,,15800.0,15400.0,15545.26,,
2026-03-20,GRUPOARGOS,,0.13,1352521100.0,85751.0,20,,15900.0,15620.0,15772.66,,
2026-03-24,GRUPOARGOS,16560.0,0.49,4590881440.0,276454.0,80,,16900.0,16280.0,16606.31,,
2026-03-25,GRUPOARGOS,16800.0,0.12,1141295100.0,68725.0,20,,16820.0,16540.0,16606.69,,
2026-03-26,GRUPOARGOS,16700.0,-0.6,1038647280.0,62064.0,-100,,16840.0,16640.0,16735.1,,
2026-03-27,GRUPOARGOS,16700.0,0,4228581620.0,254644.0,0,,16700.0,16280.0,16605.86,,
2026-03-30,GRUPOARGOS,16700.0,0,1484271940.0,89062.0,0,,16700.0,15060.0,,,
2026-03-31,GRUPOARGOS,16700.0,0,4509956120.0,272477.0,0,,16700.0,16540.0,,,
2026-04-01,GRUPOARGOS,16600.0,-0.6,2665682520.0,161031.0,-100,,16620.0,15600.0,,,
2026-04-02,GRUPOARGOS,,,,,,,,,,,
2026-04-03,GRUPOARGOS,,,,,,,,,,,
2026-04-06,GRUPOARGOS,16580.0,-0.12,719750320.0,43435.0,-20,,16700.0,16420.0,,,
2026-04-07,GRUPOARGOS,15980.0,-3.62,582973520.0,35820.0,-600,,16680.0,15980.0,,,
2026-04-08,GRUPOARGOS,16000.0,0.13,2261704300.0,141067.0,20,,16540.0,15800.0,,,
2026-04-09,GRUPOARGOS,16420.0,2.63,3817218160.0,235937.0,420,,16420.0,15800.0,,,
2026-04-10,GRUPOARGOS,16500.0,0.49,1975333200.0,119793.0,80,,16520.0,16400.0,,,
2026-04-13,GRUPOARGOS,16720.0,1.33,2942126380.0,176519.0,220,,16720.0,16400.0,,,
2026-04-14,GRUPOARGOS,16460.0,-1.56,4576549540.0,275166.0,-260,,16800.0,16280.0,,,
2026-04-15,GRUPOARGOS,16100.0,-2.19,1730223560.0,106842.0,-360,,16440.0,16100.0,,,
2026-04-16,GRUPOARGOS,16380.0,1.74,3333332480.0,206407.0,280,,16380.0,15860.0,,,
2026-04-17,GRUPOARGOS,16380.0,0,2599755080.0,159398.0,0,,16500.0,16000.0,,,
2026-04-20,GRUPOARGOS,16340.0,-0.24,3399049680.0,205045.0,-40,,16700.0,16340.0,,,
2026-04-21,GRUPOARGOS,16380.0,0.24,1234991060.0,75289.0,40,,16500.0,16340.0,,,
2026-04-22,GRUPOARGOS,15980.0,-2.44,1042694140.0,64708.0,-400,,16360.0,15920.0,,,
2026-04-23,GRUPOARGOS,16000.0,0.13,1406459580.0,88333.0,20,,16060.0,15700.0,,,
2026-04-24,GRUPOARGOS,15660.0,-2.12,949323560.0,60571.0,-340,,16000.0,15560.0,,,
2026-04-27,GRUPOARGOS,15420.0,-1.53,2652917380.0,171193.0,-240,,15600.0,15400.0,,,
2026-04-28,GRUPOARGOS,15800.0,2.46,1520728960.0,97935.0,380,,15800.0,15400.0,,,
2026-04-29,GRUPOARGOS,15300.0,-3.16,1658794260.0,107766.0,-500,,,15300.0,,,
2026-04-30,GRUPOARGOS,15800.0,3.27,1996867840.0,129477.0,500,,15800.0,15100.0,,,
2026-05-04,GRUPOARGOS,15240.0,-3.54,815283200.0,52903.0,-560,,15600.0,15240.0,,,
2026-05-05,GRUPOARGOS,15100.0,-0.92,2262801440.0,148537.0,-140,,15440.0,15100.0,,,
2026-05-06,GRUPOARGOS,14660.0,-2.91,2366230680.0,157984.0,-440,,15300.0,14660.0,,,
2026-05-07,GRUPOARGOS,14860.0,1.36,4257595620.0,284855.0,200,,15200.0,14660.0,,,
2026-05-08,GRUPOARGOS,14800.0,-0.4,2237676020.0,150479.0,-60,,15060.0,14700.0,,,
2026-05-11,GRUPOARGOS,14500.0,-2.03,1884822180.0,128114.0,-300,,14820.0,14500.0,,,
2026-05-12,GRUPOARGOS,14400.0,-0.69,1791900140.0,123604.0,-100,,14780.0,14400.0,,,
2026-05-13,GRUPOARGOS,14580.0,1.25,3347574260.0,231863.0,180,,14720.0,14000.0,,,
2026-05-14,GRUPOARGOS,14700.0,0.82,4802943060.0,330785.0,120,,14780.0,14020.0,,,
2026-05-15,GRUPOARGOS,14800.0,0.68,1321137460.0,90433.0,100,,14800.0,14400.0,,,
2026-05-18,GRUPOARGOS,,,,,,,,,,,
2026-05-19,GRUPOARGOS,14600.0,-1.35,3435673080.0,235060.0,-200,,14820.0,14360.0,,,
2026-05-20,GRUPOARGOS,14360.0,-1.64,1793336120.0,124746.0,-240,,14520.0,14080.0,,,
2026-05-21,GRUPOARGOS,14280.0,-0.56,2601042140.0,181665.0,-80,,14460.0,14140.0,,,
2026-05-22,GRUPOARGOS,14180.0,-0.7,3194700900.0,226807.0,-100,,14380.0,13800.0,,,
2026-05-25,GRUPOARGOS,14480.0,2.12,5614551880.0,388507.0,300,,14520.0,14080.0,,,
2026-05-26,GRUPOARGOS,15500.0,7.04,4149967660.0,270597.0,1020,,15700.0,14480.0,,,
2026-05-27,GRUPOARGOS,15700.0,1.29,2606161380.0,169758.0,200,,15700.0,15000.0,,,
2026-05-28,GRUPOARGOS,16260.0,3.57,2489569380.0,156374.0,560,,16420.0,15540.0,,,
2026-05-29,GRUPOARGOS,16900.0,3.94,20613827020.0,1225165.0,640,,16900.0,15940.0,,,
2026-06-01,GRUPOARGOS,16440.0,-2.72,8641616820.0,515564.0,-460,,17500.0,16340.0,,,
2026-06-02,GRUPOARGOS,16500.0,0.36,2528558100.0,153997.0,60,,16540.0,16200.0,,,
2026-06-03,GRUPOARGOS,16500.0,0,662222740.0,40332.0,0,,16500.0,16280.0,,,
2026-06-04,GRUPOARGOS,16840.0,2.06,1948076700.0,116165.0,340,,17260.0,16300.0,,,
2026-06-05,GRUPOARGOS,16100.0,-4.39,2843943820.0,172759.0,-740,,16840.0,16100.0,,,
2026-06-08,GRUPOARGOS,,,,,,,,,,,
2026-06-09,GRUPOARGOS,16400.0,1.86,6049575260.0,370462.0,300,,16680.0,16140.0,,,
2026-06-10,GRUPOARGOS,16320.0,-0.49,2180233100.0,132848.0,-80,,16580.0,16280.0,,,
2026-06-11,GRUPOARGOS,17000.0,4.17,3233664120.0,194818.0,680,,17000.0,16220.0,,,
2026-06-12,GRUPOARGOS,17800.0,4.71,6119506320.0,350081.0,800,,17820.0,16880.0,,,
2026-06-15,GRUPOARGOS,,,,,,,,,,,
2026-06-16,GRUPOARGOS,17800.0,0,2016566060.0,113522.0,0,,17820.0,17620.0,,,
2026-06-17,GRUPOARGOS,17620.0,-1.01,3859154980.0,220009.0,-180,,17800.0,17140.0,,,
2026-06-18,GRUPOARGOS,17560.0,-0.34,2274850760.0,128711.0,-60,,17980.0,17160.0,,,
2026-06-19,GRUPOARGOS,17620.0,0.34,3133047240.0,177623.0,60,,17780.0,17440.0,,,
2026-06-22,GRUPOARGOS,17000.0,-3.52,3168709340.0,186054.0,-620,,17800.0,16740.0,,,
2026-06-23,GRUPOARGOS,17480.0,2.82,2325038420.0,137492.0,480,,17980.0,16660.0,,,
2026-06-24,GRUPOARGOS,17480.0,0,3963633480.0,229630.0,0,,17500.0,16820.0,,,
2026-06-25,GRUPOARGOS,17540.0,0.34,1635407000.0,94054.0,60,,17660.0,17120.0,,,
2026-06-26,GRUPOARGOS,17700.0,0.91,1191068460.0,67452.0,160,,17800.0,17440.0,,,
2026-06-30,GRUPOARGOS,17700.0,0,1665169680.0,94468.0,0,,17800.0,17260.0,,,
2026-07-01,GRUPOARGOS,17500.0,-1.13,2056718980.0,116959.0,-200,,17800.0,17320.0,,,
2026-07-02,GRUPOARGOS,17400.0,-0.57,1820931540.0,104567.0,-100,,17700.0,17200.0,,,
2026-07-03,GRUPOARGOS,17560.0,0.92,1300708860.0,73969.0,160,,17680.0,17500.0,,,
2026-07-06,GRUPOARGOS,17680.0,0.68,2834814180.0,162521.0,120,,17700.0,17200.0,,,
2026-07-07,GRUPOARGOS,18000.0,1.81,4439966180.0,248822.0,320,,18000.0,17280.0,,,
2026-07-08,GRUPOARGOS,18100.0,0.56,4793992440.0,265865.0,100,,18400.0,17240.0,,,
2026-07-09,GRUPOARGOS,18100.0,0,2501059120.0,138252.0,0,,18180.0,17840.0,,,
2026-07-10,GRUPOARGOS,18000.0,-0.55,2736827180.0,152669.0,-100,,18180.0,17600.0,,,
2026-07-13,GRUPOARGOS,,,,,,,,,,,
2026-07-14,GRUPOARGOS,17900.0,-0.56,2915006520.0,163408.0,-100,,18100.0,17600.0,,,
2026-07-15,GRUPOARGOS,18000.0,0.56,2469739820.0,137630.0,100,,18060.0,17860.0,,,
2026-07-16,GRUPOARGOS,17660.0,-1.89,2959517500.0,167157.0,-340,,18000.0,17640.0,,,
2026-07-17,GRUPOARGOS,17900.0,1.36,2155737700.0,121495.0,240,,18000.0,17420.0,,,
2026-07-18,GRUPOARGOS,17000.0,-5.03,1877441540.0,105889.0,-900,,18000.0,17000.0,-,,
2026-01-19,GRUPOAVAL,790.0,5.47,262303877.0,334678.0,41,,791.0,769.0,783.75,,
2026-01-20,GRUPOAVAL,812.0,2.78,147707493.0,183894.0,22,,812.0,812.0,803.22,,
2026-01-21,GRUPOAVAL,823.0,1.35,294456087.0,357395.0,11,,830.0,813.0,823.9,,
2026-01-22,GRUPOAVAL,823.0,,67063538.0,81447.0,,,,,823.4,,
2026-01-23,GRUPOAVAL,817.0,-0.73,215808360.0,263178.0,-6,,818.0,817.0,820.01,,
2026-01-26,GRUPOAVAL,860.0,5.26,165279284.0,194462.0,43,,860.0,845.0,849.93,,
2026-01-27,GRUPOAVAL,945.0,9.88,744880619.0,803618.0,85,,945.0,890.0,926.91,,
2026-01-28,GRUPOAVAL,917.0,-2.96,272617303.0,295726.0,-28,,945.0,917.0,921.86,,
2026-01-29,GRUPOAVAL,928.0,1.2,82571824.0,89621.0,11,,928.0,928.0,921.34,,
2026-01-30,GRUPOAVAL,890.0,-4.09,485937208.0,542220.0,-38,,908.0,890.0,896.2,,
2026-02-02,GRUPOAVAL,870.0,-2.25,168731782.0,193828.0,-20,,886.0,870.0,870.52,,
2026-02-03,GRUPOAVAL,870.0,,63276081.0,73046.0,0,,870.0,870.0,866.25,,
2026-02-04,GRUPOAVAL,850.0,-2.3,101385813.0,118974.0,-20,,850.0,850.0,852.17,,
2026-02-05,GRUPOAVAL,850.0,,66430902.0,80787.0,,,,,822.3,,
2026-02-06,GRUPOAVAL,850.0,,51734587.0,62608.0,,,,,826.33,,
2026-02-09,GRUPOAVAL,850.0,,26732856.0,32496.0,,,,,822.65,,
2026-02-10,GRUPOAVAL,850.0,,50547284.0,61024.0,,,,,828.32,,
2026-02-11,GRUPOAVAL,850.0,,78479444.0,96431.0,,,,,813.84,,
2026-02-12,GRUPOAVAL,850.0,,42495581.0,52637.0,,,,,807.33,,
2026-02-13,GRUPOAVAL,850.0,,13530042.0,16814.0,,,,,804.69,,
2026-02-16,GRUPOAVAL,850.0,,26101595.0,32171.0,,,,,811.34,,
2026-02-17,GRUPOAVAL,850.0,,43373149.0,54082.0,,,,,801.99,,
2026-02-18,GRUPOAVAL,850.0,,89655015.0,112680.0,,,,,795.66,,
2026-02-19,GRUPOAVAL,850.0,,26743017.0,33957.0,,,,,787.56,,
2026-02-20,GRUPOAVAL,825.0,-2.94,231387689.0,285949.0,-25,,825.0,794.0,809.19,,
2026-02-23,GRUPOAVAL,825.0,,67997420.0,82925.0,,,,,819.99,,
2026-02-24,GRUPOAVAL,825.0,,70902407.0,88525.0,,,,,800.93,,
2026-02-25,GRUPOAVAL,825.0,,104576516.0,131726.0,,,,,793.89,,
2026-02-26,GRUPOAVAL,825.0,,58567935.0,74395.0,,,,,787.26,,
2026-02-27,GRUPOAVAL,825.0,,73559770.0,96107.0,,,,,765.39,,
2026-03-02,GRUPOAVAL,825.0,,16952179.0,22721.0,,,,,746.1,,
2026-03-03,GRUPOAVAL,675.0,-18.18,378185869.0,549535.0,-150,,707.0,650.0,688.19,,
2026-03-04,GRUPOAVAL,740.0,9.63,214496064.0,293111.0,65,,740.0,723.0,731.79,,
2026-03-05,GRUPOAVAL,769.0,3.92,121960392.0,162664.0,29,,769.0,769.0,749.77,,
2026-03-06,GRUPOAVAL,769.0,,36411962.0,49307.0,,,,,738.47,,
2026-03-09,GRUPOAVAL,740.0,-3.77,53397540.0,72452.0,-29,,740.0,740.0,737.01,,
2026-03-10,GRUPOAVAL,740.0,,44243658.0,60262.0,,,,,734.19,,
2026-03-11,GRUPOAVAL,740.0,,59998466.0,80753.0,,,,,742.99,,
2026-03-12,GRUPOAVAL,740.0,,25705882.0,34914.0,,,,,736.26,,
2026-03-13,GRUPOAVAL,715.0,-3.38,75240281.0,103812.0,-25,,728.0,715.0,724.77,,
2026-03-16,GRUPOAVAL,715.0,,30649598.0,42180.0,,,,,726.64,,
2026-03-17,GRUPOAVAL,740.0,3.5,72302011.0,98390.0,25,,740.0,740.0,734.85,,
2026-03-18,GRUPOAVAL,740.0,,55887508.0,76143.0,0,,740.0,740.0,733.98,,
2026-03-19,GRUPOAVAL,740.0,,48815389.0,66024.0,,,,,739.36,,
2026-03-20,GRUPOAVAL,,,27201651.0,36615.0,,,,,742.91,,
2026-03-24,GRUPOAVAL,744.0,0.54,105929517.0,141201.0,4,,758.0,744.0,750.2,,
2026-03-25,GRUPOAVAL,770.0,3.49,39870327.0,52376.0,26,,770.0,770.0,761.23,,
2026-03-26,GRUPOAVAL,770.0,,5062674.0,6655.0,,,,,760.73,,
2026-03-27,GRUPOAVAL,770.0,,23355288.0,31066.0,,,,,751.8,,
2026-03-30,GRUPOAVAL,769.0,-0.13,42785326.0,56818.0,-1,,769.0,700.0,,,
2026-03-31,GRUPOAVAL,776.0,0.91,22813858.0,30046.0,7,,776.0,724.0,,,
2026-04-01,GRUPOAVAL,745.0,-3.99,14700678.0,19401.0,-31,,745.0,745.0,,,
2026-04-02,GRUPOAVAL,,,,,,,,,,,
2026-04-03,GRUPOAVAL,,,,,,,,,,,
2026-04-06,GRUPOAVAL,760.0,2.01,63649722.0,82983.0,15,,779.0,760.0,,,
2026-04-07,GRUPOAVAL,760.0,,9401724.0,12338.0,0,,760.0,760.0,,,
2026-04-08,GRUPOAVAL,777.0,2.24,93429192.0,120305.0,17,,780.0,774.0,,,
2026-04-09,GRUPOAVAL,780.0,0.39,58677779.0,75505.0,3,,780.0,767.0,,,
2026-04-10,GRUPOAVAL,776.0,-0.64,176390231.0,227664.0,-5,,781.0,760.0,,,
2026-04-13,GRUPOAVAL,786.0,1.29,48984419.0,62766.0,10,,786.0,776.0,,,
2026-04-14,GRUPOAVAL,818.0,4.07,402352983.0,494466.0,32,,828.0,,,,
2026-04-15,GRUPOAVAL,823.0,0.61,97103632.0,118367.0,5,,830.0,810.0,,,
2026-04-16,GRUPOAVAL,819.0,-0.49,180003209.0,218939.0,-4,,830.0,818.0,,,
2026-04-17,GRUPOAVAL,813.0,-0.73,118469976.0,145532.0,-6,,819.0,813.0,,,
2026-04-20,GRUPOAVAL,820.0,0.86,36961265.0,45633.0,7,,820.0,796.0,,,
2026-04-21,GRUPOAVAL,807.0,-1.59,19239822.0,23705.0,-13,,807.0,807.0,,,
2026-04-22,GRUPOAVAL,800.0,-0.87,48566752.0,60871.0,-7,,805.0,800.0,,,
2026-04-23,GRUPOAVAL,787.0,-1.62,73562720.0,93425.0,-13,,799.0,780.0,,,
2026-04-24,GRUPOAVAL,788.0,0.13,7791512.0,9986.0,1,,788.0,788.0,,,
2026-04-27,GRUPOAVAL,808.0,2.54,48557014.0,60606.0,20,,808.0,787.0,,,
2026-04-28,GRUPOAVAL,809.0,0.12,29912251.0,37198.0,1,,813.0,808.0,,,
2026-04-29,GRUPOAVAL,783.0,-3.21,20537519.0,26219.0,-26,,783.0,783.0,,,
2026-04-30,GRUPOAVAL,780.0,-0.38,20205563.0,25688.0,-3,,780.0,780.0,,,
2026-05-04,GRUPOAVAL,780.0,0,49879253.0,63534.0,0,,790.0,779.0,,,
2026-05-05,GRUPOAVAL,788.0,1.03,52907875.0,67046.0,8,,788.0,787.0,,,
2026-05-06,GRUPOAVAL,802.0,1.78,115646327.0,144197.0,14,,804.0,800.0,,,
2026-05-07,GRUPOAVAL,800.0,-0.25,21622980.0,27116.0,-2,,800.0,800.0,,,
2026-05-08,GRUPOAVAL,796.0,-0.5,24386340.0,30545.0,-4,,796.0,796.0,,,
2026-05-11,GRUPOAVAL,797.0,0.13,15595188.0,19553.0,1,,797.0,797.0,,,
2026-05-12,GRUPOAVAL,797.0,0,44054533.0,55164.0,0,,798.0,797.0,,,
2026-05-13,GRUPOAVAL,796.0,-0.13,34408828.0,43041.0,-1,,800.0,796.0,,,
2026-05-14,GRUPOAVAL,784.0,-1.51,199851575.0,253183.0,-12,,796.0,780.0,,,
2026-05-15,GRUPOAVAL,780.0,-0.51,29731091.0,37845.0,-4,,780.0,780.0,,,
2026-05-18,GRUPOAVAL,,,,,,,,,,,
2026-05-19,GRUPOAVAL,779.0,-0.13,14801827.0,19610.0,-1,,779.0,737.0,,,
2026-05-20,GRUPOAVAL,779.0,,8490811.0,11182.0,0,,779.0,779.0,,,
2026-05-21,GRUPOAVAL,777.0,-0.26,51031030.0,67005.0,-2,,777.0,749.0,,,
2026-05-22,GRUPOAVAL,778.0,0.13,27666599.0,36264.0,1,,778.0,778.0,,,
2026-05-25,GRUPOAVAL,778.0,,15925993.0,20842.0,0,,778.0,778.0,,,
2026-05-26,GRUPOAVAL,789.0,1.41,100463379.0,128011.0,11,,792.0,774.0,,,
2026-05-27,GRUPOAVAL,816.0,3.42,105197166.0,129081.0,27,,820.0,810.0,,,
2026-05-28,GRUPOAVAL,815.0,-0.12,73075035.0,89716.0,-1,,820.0,812.0,,,
2026-05-29,GRUPOAVAL,824.0,1.1,166635493.0,204307.0,9,,830.0,800.0,,,
2026-06-01,GRUPOAVAL,854.0,3.64,308138732.0,358765.0,30,,890.0,825.0,,,
2026-06-02,GRUPOAVAL,844.0,-1.17,170112021.0,201382.0,-10,,848.0,827.0,,,
2026-06-03,GRUPOAVAL,842.0,-0.24,31613593.0,37505.0,-2,,846.0,842.0,,,
2026-06-04,GRUPOAVAL,836.0,-0.71,47878963.0,57370.0,-6,,837.0,828.0,,,
2026-06-05,GRUPOAVAL,833.0,-0.36,90273088.0,108355.0,-3,,844.0,829.0,,,
2026-06-08,GRUPOAVAL,,,,,,,,,,,
2026-06-09,GRUPOAVAL,848.0,1.8,408109602.0,481828.0,15,,850.0,832.0,,,
2026-06-10,GRUPOAVAL,862.0,1.65,95502800.0,111297.0,14,,870.0,839.0,,,
2026-06-11,GRUPOAVAL,881.0,2.2,437121886.0,502772.0,19,,882.0,850.0,,,
2026-06-12,GRUPOAVAL,918.0,4.2,398804295.0,440945.0,37,,920.0,841.0,,,
2026-06-15,GRUPOAVAL,,,,,,,,,,,
2026-06-16,GRUPOAVAL,914.0,-0.44,60309004.0,67068.0,-4,,914.0,885.0,,,
2026-06-17,GRUPOAVAL,918.0,0.44,30175489.0,33174.0,4,,918.0,902.0,,,
2026-06-18,GRUPOAVAL,929.0,1.2,155633527.0,168975.0,11,,930.0,910.0,,,
2026-06-19,GRUPOAVAL,954.0,2.69,66820676.0,71342.0,25,,955.0,921.0,,,
2026-06-22,GRUPOAVAL,891.0,-6.6,515462583.0,549756.0,-63,,989.0,890.0,,,
2026-06-23,GRUPOAVAL,876.0,-1.68,82588741.0,93856.0,-15,,907.0,870.0,,,
2026-06-24,GRUPOAVAL,860.0,-1.83,50097708.0,58191.0,-16,,861.0,860.0,,,
2026-06-25,GRUPOAVAL,860.0,,9455821.0,11064.0,0,,860.0,860.0,,,
2026-06-26,GRUPOAVAL,872.0,1.4,14318192.0,16487.0,12,,872.0,872.0,,,
2026-06-30,GRUPOAVAL,872.0,,8912246.0,10289.0,0,,872.0,872.0,,,
2026-07-01,GRUPOAVAL,851.0,-2.41,29695710.0,34750.0,-21,,851.0,850.0,,,
2026-07-02,GRUPOAVAL,864.0,1.53,11252394.0,13079.0,13,,864.0,864.0,,,
2026-07-03,GRUPOAVAL,857.0,-0.81,47128483.0,55268.0,-7,,857.0,850.0,,,
2026-07-06,GRUPOAVAL,850.0,-0.82,46707506.0,54901.0,-7,,850.0,850.0,,,
2026-07-07,GRUPOAVAL,839.0,-1.29,119694699.0,141864.0,-11,,860.0,840.0,,,
2026-07-08,GRUPOAVAL,839.0,,10298956.0,12565.0,0,,839.0,839.0,,,
2026-07-09,GRUPOAVAL,805.0,-4.05,30506375.0,37826.0,-34,,805.0,790.0,,,
2026-07-10,GRUPOAVAL,808.0,0.37,30286009.0,36671.0,3,,855.0,808.0,,,
2026-07-13,GRUPOAVAL,,,,,,,,,,,
2026-07-14,GRUPOAVAL,810.0,0.25,40337610.0,48669.0,2,,847.0,810.0,,,
2026-07-15,GRUPOAVAL,835.0,3.09,20520296.0,24817.0,25,,835.0,835.0,,,
2026-07-16,GRUPOAVAL,826.0,-1.08,17673135.0,21477.0,-9,,826.0,826.0,,,
2026-07-17,GRUPOAVAL,819.0,-0.85,15975222.0,19725.0,-7,,819.0,791.0,,,
2026-07-21,GRUPOAVAL,822.0,0.37,63376800.0,77106.0,3,,823.0,822.0,-,,
2026-01-19,ICOLCAP,23620.0,2.03,1793282607.5,76339.0,470,,23644.5,23270.5,23491.04,,
2026-01-20,ICOLCAP,23700.0,0.34,19050820412.0,806635.0,80,,23700.0,23530.0,23617.65,,
2026-01-21,ICOLCAP,24075.0,1.58,32442170546.0,1353110.0,375,,24091.5,23907.0,23976,,
2026-01-22,ICOLCAP,23799.0,-1.15,32970965732.5,1379512.0,-276,,24180.0,23400.0,23900.46,,
2026-01-23,ICOLCAP,24420.0,2.61,8508515101.0,347604.0,621,,24491.0,24245.5,24477.61,,
2026-01-26,ICOLCAP,24898.0,1.96,8966804983.0,360427.0,478,,25000.0,24584.5,24878.28,,
2026-01-27,ICOLCAP,24839.5,-0.23,8053554960.0,321892.0,-58.5,,25280.5,24839.5,25019.43,,
2026-01-28,ICOLCAP,24600.0,-0.96,10915114261.0,443171.0,-239.5,,24914.5,24500.0,24629.58,,
2026-01-29,ICOLCAP,24500.0,-0.41,8925707074.0,358785.0,-100,,24920.0,24500.0,24877.59,,
2026-01-30,ICOLCAP,24503.5,0.01,1773739464.5,72516.0,3.5,,24608.5,24400.0,24459.97,,
2026-02-02,ICOLCAP,23846.0,-2.68,5896109906.5,245700.0,-657.5,,24300.0,23846.0,23997.19,,
2026-02-03,ICOLCAP,24170.0,1.36,13581975431.5,564452.0,324,,24201.0,23846.0,24062.23,,
2026-02-04,ICOLCAP,23451.5,-2.97,9290801913.0,398103.0,-718.5,,24158.0,23075.0,23337.68,,
2026-02-05,ICOLCAP,23032.0,-1.79,19995601673.5,865463.0,-419.5,,23225.5,22000.0,23103.94,,
2026-02-06,ICOLCAP,23397.0,1.58,9399767662.0,405264.0,365,,23397.0,22883.0,23194.18,,
2026-02-09,ICOLCAP,23750.0,1.51,2288916256.5,96409.0,353,,23760.5,23600.0,23741.73,,
2026-02-10,ICOLCAP,23941.0,0.8,2783858164.5,117841.0,191,,23941.0,23600.0,23623.85,,
2026-02-11,ICOLCAP,23500.0,-1.84,12014951557.0,509991.0,-441,,23676.5,23500.0,23559.14,,
2026-02-12,ICOLCAP,22906.0,-2.53,23106826521.0,997520.0,-594,,23500.0,22906.0,23164.27,,
2026-02-13,ICOLCAP,23302.0,1.73,12165578280.5,526997.0,396,,23302.0,22840.0,23084.72,,
2026-02-16,ICOLCAP,23375.0,0.31,4224913314.5,181062.0,73,,23511.5,22500.0,23334.07,,
2026-02-17,ICOLCAP,23293.5,-0.35,12881825139.5,554519.0,-81.5,,23358.5,23197.0,23230.63,,
2026-02-18,ICOLCAP,23316.0,0.1,38761927712.0,1658010.0,22.5,,23433.0,23300.0,23378.58,,
2026-02-19,ICOLCAP,23530.0,0.92,11906783585.5,506508.0,214,,23530.0,23438.0,23507.59,,
2026-02-20,ICOLCAP,23609.5,0.34,18696022968.0,792081.0,79.5,,23674.0,23583.5,23603.68,,
2026-02-23,ICOLCAP,24245.0,2.69,27203708931.0,1118673.0,635.5,,24409.0,24170.0,24317.84,,
2026-02-24,ICOLCAP,23579.5,-2.74,12112708831.0,506825.0,-665.5,,23974.0,23006.0,23899.19,,
2026-02-25,ICOLCAP,23318.0,-1.11,11851131731.0,507884.0,-261.5,,23373.5,23280.0,23334.33,,
2026-02-26,ICOLCAP,22400.0,-3.94,1169452980.5,51865.0,-918,,22667.5,22400.0,22548.02,,
2026-02-27,ICOLCAP,22340.5,-0.27,22570146849.5,1008321.0,-59.5,,23445.5,22282.5,22383.89,,
2026-03-02,ICOLCAP,21252.0,-4.87,2300742482.5,106458.0,-1088.5,,21762.0,21242.5,21611.74,,
2026-03-03,ICOLCAP,20995.0,-1.21,8659621623.5,424028.0,-257,,21070.5,20295.0,20422.29,,
2026-03-04,ICOLCAP,21569.5,2.74,1607798819.0,74562.0,574.5,,21729.0,21533.0,21563.25,,
2026-03-05,ICOLCAP,21500.0,-0.32,4947848018.0,230782.0,-69.5,,21502.5,21395.0,21439.49,,
2026-03-06,ICOLCAP,21563.5,0.3,14474612252.0,667833.0,63.5,,21721.5,21563.5,21674,,
2026-03-09,ICOLCAP,21851.0,1.33,14093874611.0,646264.0,287.5,,21872.0,21653.5,21808.23,,
2026-03-10,ICOLCAP,22350.0,2.28,6518815646.0,292070.0,499,,22420.5,22043.5,22319.36,,
2026-03-11,ICOLCAP,22396.0,0.21,3647262827.5,162848.0,46,,22396.0,22396.0,22396.73,,
2026-03-12,ICOLCAP,21746.0,-2.9,20511639418.5,940872.0,-650,,22350.0,21704.0,21800.67,,
2026-03-13,ICOLCAP,21463.5,-1.3,84146164.0,3909.0,-282.5,,21463.5,21381.5,21526.26,,
2026-03-16,ICOLCAP,22100.0,2.97,2580713853.0,117812.0,636.5,,22100.0,21748.5,21905.36,,
2026-03-17,ICOLCAP,21610.5,-2.21,1037963496.5,47734.0,-489.5,,21852.0,21479.0,21744.74,,
2026-03-18,ICOLCAP,21610.5,,58202066.5,2696.0,,,,,21588.3,,
2026-03-19,ICOLCAP,21427.0,-0.85,89277204.0,4158.0,-183.5,,21567.0,21427.0,21471.19,,
2026-03-20,ICOLCAP,,2.63,54831579816.0,2510688.0,563,,22065.0,21280.0,21839.26,,
2026-03-24,ICOLCAP,22220.0,1.54,29245209179.5,1319180.0,337.5,,22353.0,22090.0,22169.23,,
2026-03-25,ICOLCAP,22656.0,0.96,10434019515.5,464568.0,212.5,,22480.0,22238.5,22459.62,,
2026-03-26,ICOLCAP,22325.0,-1.46,9229700893.5,412460.0,-331,,22480.0,22325.0,22377.2,,
2026-03-27,ICOLCAP,21832.5,-2.21,16361906472.0,739914.0,-492.5,,22245.0,21832.5,22113.25,,
2026-03-30,ICOLCAP,22046.0,0.98,2447838258.5,110865.0,213.5,,22322.0,22000.0,,,
2026-03-31,ICOLCAP,22541.0,2.25,3340676660.5,149166.0,495,,22650.0,22100.0,,,
2026-04-01,ICOLCAP,22578.0,0.16,691747097.0,30879.0,37,,22740.0,22201.0,,,
2026-04-06,ICOLCAP,22830.0,1.12,3949852029.5,173746.0,252,,22872.5,22720.0,,,
2026-04-07,ICOLCAP,22422.5,-1.78,2719060014.0,120537.0,-407.5,,22625.0,22421.0,,,
2026-04-08,ICOLCAP,22701.0,1.24,20507334358.5,903012.0,278.5,,22840.0,22573.0,,,
2026-04-09,ICOLCAP,22508.0,-0.85,23733513396.0,1054214.0,-193,,22563.0,22429.5,,,
2026-04-10,ICOLCAP,22845.0,1.5,20846707051.5,912562.0,337,,23540.0,22500.0,,,
2026-04-13,ICOLCAP,23281.0,1.91,7003754969.0,302014.0,436,,23712.0,22723.0,,,
2026-04-14,ICOLCAP,23321.0,0.17,30101311593.0,1289715.0,40,,23509.5,22450.0,,,
2026-04-15,ICOLCAP,23036.0,-1.22,5637030633.0,244576.0,-285,,23176.5,22971.5,,,
2026-04-16,ICOLCAP,23025.0,-0.05,28888598490.5,1254935.0,-11,,23120.5,22949.5,,,
2026-04-17,ICOLCAP,22783.0,-1.05,24942081258.0,1095129.0,-242,,22914.0,22724.0,,,
2026-04-20,ICOLCAP,22843.0,0.26,26639863531.0,1166090.0,60,,23835.5,22719.5,,,
2026-04-21,ICOLCAP,22649.5,-0.85,6039774379.5,265107.0,-193.5,,23500.0,22610.0,,,
2026-04-22,ICOLCAP,22450.5,-0.88,5906990286.5,263245.0,-199,,22791.0,22413.5,,,
2026-04-23,ICOLCAP,22320.5,-0.58,923283481.5,41330.0,-130,,22673.5,22320.0,,,
2026-04-24,ICOLCAP,22285.5,-0.16,1229068164.5,55150.0,-35,,22325.0,22079.0,,,
2026-04-27,ICOLCAP,21901.5,-1.72,2459899035.5,111708.0,-384,,22200.5,21904.0,,,
2026-04-28,ICOLCAP,21765.0,-0.62,22471382267.0,1039421.0,-136.5,,21798.5,21500.0,,,
2026-04-29,ICOLCAP,21650.0,-0.53,8166281641.5,377914.0,-115,,21674.0,21200.0,,,
2026-04-30,ICOLCAP,21472.5,-0.82,520066080.0,24216.0,-177.5,,21832.0,21400.0,,,
2026-05-04,ICOLCAP,21537.5,0.3,4991566410.0,231338.0,65,,21940.5,21472.5,,,
2026-05-05,ICOLCAP,21689.0,0.7,9020921676.0,416353.0,151.5,,21755.0,21500.0,,,
2026-05-06,ICOLCAP,21526.0,-0.75,3123273298.5,144867.0,-163,,21636.5,21525.0,,,
2026-05-07,ICOLCAP,21512.0,-0.07,320895360.0,14856.0,-14,,21659.5,21461.0,,,
2026-05-08,ICOLCAP,21405.0,-0.5,2164251840.0,101011.0,-107,,21455.0,21292.5,,,
2026-05-11,ICOLCAP,21199.0,-0.96,10761607271.5,508815.0,-206,,21250.0,20980.0,,,
2026-05-12,ICOLCAP,20887.0,-1.47,22119777721.0,1055235.0,-312,,21111.0,20886.5,,,
2026-05-13,ICOLCAP,20902.5,0.07,4034194311.0,193895.0,15.5,,21380.0,19883.0,,,
2026-05-14,ICOLCAP,21367.5,2.22,11142033013.5,530219.0,465,,21700.0,20875.5,,,
2026-05-15,ICOLCAP,21157.0,-0.99,2392506265.5,113702.0,-210.5,,21390.0,20918.0,,,
2026-05-19,ICOLCAP,20908.5,-1.17,6377025273.0,304374.0,-248.5,,21360.0,20805.0,,,
2026-05-20,ICOLCAP,20852.0,-0.27,4469449908.0,213656.0,-56.5,,21000.0,20100.0,,,
2026-05-21,ICOLCAP,20883.0,0.15,882014385.5,42165.0,31,,21000.0,20804.0,,,
2026-05-22,ICOLCAP,20780.0,-0.49,3354697689.5,161693.0,-103,,20836.5,20735.0,,,
2026-05-25,ICOLCAP,21087.5,1.48,15575878782.0,739137.0,307.5,,21219.0,20690.0,,,
2026-05-26,ICOLCAP,22045.0,4.54,13748780516.5,625879.0,957.5,,22178.0,21399.0,,,
2026-05-27,ICOLCAP,21767.5,-1.26,5959496526.5,273914.0,-277.5,,22000.0,21582.5,,,
2026-05-28,ICOLCAP,21611.0,-0.72,13885064355.5,640738.0,-156.5,,21767.5,21610.0,,,
2026-05-29,ICOLCAP,21879.0,1.24,17974889390.0,822412.0,268,,22000.0,20770.5,,,
2026-06-01,ICOLCAP,22480.5,2.75,35643249121.0,1574608.0,601.5,,23800.0,22000.0,,,
2026-06-02,ICOLCAP,22597.0,0.52,3620064970.0,161581.0,116.5,,23481.5,22053.0,,,
2026-06-03,ICOLCAP,22000.5,-2.64,8177956761.0,370123.0,-596.5,,22600.0,21858.0,,,
2026-06-04,ICOLCAP,22145.5,0.66,12933350499.5,585959.0,145,,22500.0,22010.0,,,
2026-06-05,ICOLCAP,21822.0,-1.46,8305082612.5,378713.0,-323.5,,22063.5,21756.5,,,
2026-06-09,ICOLCAP,22397.5,2.64,38418028555.0,1744278.0,575.5,,22400.0,21870.0,,,
2026-06-10,ICOLCAP,22309.5,-0.39,18179190345.5,815228.0,-88,,22624.5,22000.0,,,
2026-06-11,ICOLCAP,23127.5,3.67,8499529524.0,371694.0,818,,23200.0,22240.5,,,
2026-06-12,ICOLCAP,23668.0,2.34,50199742508.5,2124771.0,540.5,,23765.5,23100.0,,,
2026-06-16,ICOLCAP,23212.0,-1.93,9765853175.0,421532.0,-456,,23542.0,23100.0,,,
2026-06-17,ICOLCAP,23556.0,1.48,11606666998.0,493393.0,344,,24200.0,23485.0,,,
2026-06-18,ICOLCAP,23800.5,1.04,20205350345.5,856704.0,244.5,,23850.0,22900.0,,,
2026-06-19,ICOLCAP,23500.0,-1.26,45679101493.0,1906450.0,-300.5,,24438.0,22900.0,,,
2026-06-22,ICOLCAP,23491.5,-0.04,11887298411.5,500230.0,-8.5,,25948.0,23381.5,,,
2026-06-23,ICOLCAP,23199.5,-1.24,37714302671.0,1646501.0,-292,,24200.0,22840.0,,,
2026-06-24,ICOLCAP,22769.0,-1.86,47616245156.0,2101887.0,-430.5,,23373.5,22632.0,,,
2026-06-25,ICOLCAP,22604.0,-0.72,801855812.5,35362.0,-165,,22761.0,22580.0,,,
2026-06-26,ICOLCAP,22807.0,0.9,410944308.0,18038.0,203,,23786.5,22537.5,,,
2026-06-30,ICOLCAP,22606.0,-0.88,796911554.0,35098.0,-201,,23800.0,22605.0,,,
2026-07-01,ICOLCAP,22518.0,-0.39,3995428647.0,177315.0,-88,,23545.0,22300.0,,,
2026-07-02,ICOLCAP,22452.5,-0.29,5358730105.0,237944.0,-65.5,,23000.0,22348.0,,,
2026-07-03,ICOLCAP,22668.0,0.96,1841881186.0,81237.0,215.5,,22743.0,22300.0,,,
2026-07-06,ICOLCAP,22696.5,0.13,2844218055.0,125359.0,28.5,,22824.0,22581.5,,,
2026-07-07,ICOLCAP,22512.5,-0.81,43084734.5,1905.0,-184,,22512.5,22512.5,,,
2026-07-08,ICOLCAP,22681.0,0.75,4451543007.5,196526.0,168.5,,22907.0,22600.0,,,
2026-07-09,ICOLCAP,22920.0,1.05,7210011818.5,315041.0,239,,22954.0,22815.5,,,
2026-07-10,ICOLCAP,22833.0,-0.38,5776105232.0,252966.0,-87,,22866.5,22745.0,,,
2026-07-14,ICOLCAP,22710.5,-0.54,8670946467.5,381209.0,-122.5,,22964.0,22710.0,,,
2026-07-15,ICOLCAP,22816.0,0.46,3169209885.0,138561.0,105.5,,22886.0,22790.5,,,
2026-07-16,ICOLCAP,22519.0,-1.3,1255010761.5,55558.0,-297,,22694.0,22519.0,,,
2026-07-17,ICOLCAP,22832.5,1.39,5691847572.5,250174.0,313.5,,22838.0,22456.5,,,
2026-07-21,ICOLCAP,23119.0,1.25,14902173915.5,646764.0,286.5,,23120.0,22830.0,-,,
2026-01-19,ISA,32220.0,2.61,7626388760.0,238966.0,820,,32800.0,31200.0,31914.12,,
2026-01-20,ISA,32080.0,-0.43,14594893140.0,458572.0,-140,,32500.0,31560.0,31826.83,,
2026-01-21,ISA,32100.0,0.06,30144031460.0,941944.0,20,,32240.0,31700.0,32001.94,,
2026-01-22,ISA,31500.0,-1.87,25794018340.0,809968.0,-600,,32560.0,31500.0,31845.73,,
2026-01-23,ISA,32600.0,3.49,16868491640.0,527700.0,1100,,32720.0,31200.0,31966.06,,
2026-01-26,ISA,32880.0,0.86,17004543860.0,515892.0,280,,33920.0,32000.0,32961.44,,
2026-01-27,ISA,31900.0,-2.98,16099501720.0,498403.0,-980,,33300.0,31900.0,32302.18,,
2026-01-28,ISA,30600.0,-4.08,17016206580.0,551114.0,-1300,,33300.0,30600.0,30876.02,,
2026-01-29,ISA,30600.0,0,26522830700.0,868655.0,0,,31500.0,30200.0,30533.22,,
2026-01-30,ISA,30300.0,-0.98,27613428040.0,907981.0,-300,,31840.0,30200.0,30411.9,,
2026-02-02,ISA,29520.0,-2.57,14748484640.0,490580.0,-780,,30320.0,29520.0,30063.36,,
2026-02-03,ISA,30000.0,1.63,18717442060.0,625791.0,480,,30380.0,29700.0,29910.05,,
2026-02-04,ISA,30480.0,1.6,9431033120.0,317596.0,480,,30480.0,28560.0,29695.06,,
2026-02-05,ISA,28300.0,-7.15,7508086240.0,260052.0,-2180,,29640.0,28300.0,28871.48,,
2026-02-06,ISA,29000.0,2.47,16638677240.0,579076.0,700,,29100.0,28300.0,28733.15,,
2026-02-09,ISA,29360.0,1.24,12907367100.0,444407.0,360,,29400.0,28580.0,29044.02,,
2026-02-10,ISA,28600.0,-2.59,8512109880.0,293302.0,-760,,29940.0,28600.0,29021.66,,
2026-02-11,ISA,28360.0,-0.84,10331840760.0,361036.0,-240,,29140.0,27600.0,28617.2,,
2026-02-12,ISA,27900.0,-1.62,10100352780.0,362189.0,-460,,28640.0,27300.0,27886.97,,
2026-02-13,ISA,28480.0,2.08,5560525080.0,194840.0,580,,29000.0,27520.0,28538.93,,
2026-02-16,ISA,28200.0,-0.98,3242639300.0,114906.0,-280,,28540.0,28000.0,28219.93,,
2026-02-17,ISA,29400.0,4.26,2868130660.0,99208.0,1200,,29400.0,28200.0,28910.28,,
2026-02-18,ISA,28800.0,-2.04,8428340100.0,291265.0,-600,,29380.0,28780.0,28937.02,,
2026-02-19,ISA,28400.0,-1.39,6526475060.0,227754.0,-400,,28960.0,28400.0,28655.81,,
2026-02-20,ISA,28600.0,0.7,7716391080.0,270075.0,200,,28800.0,28040.0,28571.29,,
2026-02-23,ISA,29500.0,3.15,20505752200.0,695839.0,900,,29880.0,28500.0,29469.1,,
2026-02-24,ISA,29280.0,-0.75,12516197660.0,429878.0,-220,,29500.0,28300.0,29115.7,,
2026-02-25,ISA,29360.0,0.27,7377410460.0,253258.0,80,,29480.0,28500.0,29130.02,,
2026-02-26,ISA,28100.0,-4.29,7751018660.0,276911.0,-1260,,29200.0,27500.0,27991.01,,
2026-02-27,ISA,27500.0,-2.14,39175602260.0,1421516.0,-600,,28500.0,27500.0,27559.03,,
2026-03-02,ISA,25300.0,-8,4390369060.0,169806.0,-2200,,27500.0,25300.0,25855.21,,
2026-03-03,ISA,26000.0,2.77,9933828340.0,404081.0,700,,26000.0,23000.0,24583.76,,
2026-03-04,ISA,27040.0,4,10369779120.0,385011.0,1040,,27300.0,26640.0,26933.72,,
2026-03-05,ISA,27960.0,3.4,8564275220.0,314462.0,920,,27960.0,26920.0,27234.69,,
2026-03-06,ISA,28000.0,0.14,13136694160.0,466104.0,40,,28860.0,27240.0,28184.04,,
2026-03-09,ISA,28800.0,2.86,4225239420.0,146972.0,800,,29000.0,28020.0,28748.6,,
2026-03-10,ISA,29500.0,2.43,24969204420.0,863533.0,700,,29500.0,28600.0,28915.17,,
2026-03-11,ISA,29500.0,0,14331896440.0,486117.0,0,,29520.0,29040.0,29482.4,,
2026-03-12,ISA,26700.0,-9.49,4966492080.0,181743.0,-2800,,28560.0,26700.0,27327.01,,
2026-03-13,ISA,27440.0,2.77,4695391540.0,174206.0,740,,27520.0,26200.0,26953.1,,
2026-03-16,ISA,26120.0,-4.81,2879157760.0,108205.0,-1320,,28100.0,26120.0,26608.36,,
2026-03-17,ISA,26700.0,2.22,7573067300.0,283970.0,580,,26900.0,26100.0,26668.55,,
2026-03-18,ISA,26120.0,-2.17,14301414540.0,541112.0,-580,,26840.0,26120.0,26429.68,,
2026-03-19,ISA,26720.0,2.3,4197498280.0,160239.0,600,,26720.0,25720.0,26195.24,,
2026-03-20,ISA,,2.99,4114998500.0,150703.0,800,,27940.0,26180.0,27305.35,,
2026-03-24,ISA,27400.0,-5.52,9756971740.0,354144.0,-1600,,28000.0,27160.0,27550.86,,
2026-03-25,ISA,27220.0,3.8,5365220720.0,191624.0,1040,,28440.0,27400.0,27998.69,,
2026-03-26,ISA,27600.0,1.4,7388680940.0,266380.0,380,,28060.0,27600.0,27737.37,,
2026-03-27,ISA,27700.0,0.36,9364214460.0,339785.0,100,,27700.0,26000.0,27559.23,,
2026-03-30,ISA,26720.0,-3.54,5859095940.0,215432.0,-980,,28500.0,26720.0,,,
2026-03-31,ISA,28000.0,4.79,18417772600.0,656415.0,1280,,28480.0,27240.0,,,
2026-04-01,ISA,28480.0,1.71,4631822700.0,164833.0,480,,28500.0,27300.0,,,
2026-04-02,ISA,,,,,,,,,,,
2026-04-03,ISA,,,,,,,,,,,
2026-04-06,ISA,28840.0,1.26,5239147760.0,182112.0,360,,29000.0,27340.0,,,
2026-04-07,ISA,28840.0,0,4974144200.0,172737.0,0,,28900.0,28440.0,,,
2026-04-08,ISA,28680.0,-0.55,8521983360.0,295253.0,-160,,29100.0,28620.0,,,
2026-04-09,ISA,29200.0,1.81,8131196660.0,280411.0,520,,29200.0,28280.0,,,
2026-04-10,ISA,28700.0,-1.71,12991294240.0,444247.0,-500,,30760.0,28360.0,,,
2026-04-13,ISA,29980.0,4.46,7353188580.0,249005.0,1280,,30000.0,28300.0,,,
2026-04-14,ISA,30480.0,1.67,14933683780.0,494912.0,500,,30560.0,29820.0,,,
2026-04-15,ISA,30740.0,0.85,6926770980.0,228379.0,260,,30780.0,30460.0,,,
2026-04-16,ISA,30480.0,-0.85,5342410220.0,175558.0,-260,,30800.0,30080.0,,,
2026-04-17,ISA,30180.0,-0.98,4735437420.0,156217.0,-300,,30800.0,30180.0,,,
2026-04-20,ISA,28980.0,-3.98,6974614100.0,234349.0,-1200,,30300.0,28980.0,,,
2026-04-21,ISA,29120.0,0.48,2370647340.0,81343.0,140,,29880.0,28600.0,,,
2026-04-22,ISA,29600.0,1.65,4507247140.0,152605.0,480,,29600.0,28820.0,,,
2026-04-23,ISA,29700.0,0.34,2860800340.0,96883.0,100,,29700.0,29120.0,,,
2026-04-24,ISA,30200.0,1.68,3071746480.0,103418.0,500,,30200.0,28920.0,,,
2026-04-27,ISA,28800.0,-4.64,3417255580.0,118220.0,-1400,,29800.0,28800.0,,,
2026-04-28,ISA,28360.0,-1.53,4120028120.0,145460.0,-440,,28780.0,28020.0,,,
2026-04-29,ISA,27800.0,-1.97,5710116380.0,202917.0,-560,,28800.0,27800.0,,,
2026-04-30,ISA,28140.0,1.22,6315869040.0,225284.0,340,,28580.0,27520.0,,,
2026-05-04,ISA,28780.0,2.27,2977848460.0,104877.0,640,,28780.0,27500.0,,,
2026-05-05,ISA,29480.0,2.43,5956338500.0,203787.0,700,,29480.0,28460.0,,,
2026-05-06,ISA,30380.0,3.05,7062645740.0,236401.0,900,,30380.0,29020.0,,,
2026-05-07,ISA,30020.0,-1.18,9621114260.0,320811.0,-360,,30300.0,29440.0,,,
2026-05-08,ISA,28500.0,-5.06,6684671560.0,228769.0,-1520,,29620.0,28500.0,,,
2026-05-11,ISA,28460.0,-0.14,2852136100.0,99955.0,-40,,29580.0,28400.0,,,
2026-05-12,ISA,27000.0,-5.13,16246194640.0,580453.0,-1460,,29360.0,27000.0,,,
2026-05-13,ISA,26700.0,-1.11,8386700380.0,308770.0,-300,,27800.0,26700.0,,,
2026-05-14,ISA,28560.0,6.97,8644234160.0,304554.0,1860,,29480.0,26700.0,,,
2026-05-15,ISA,28920.0,1.26,4080168380.0,141108.0,360,,29460.0,28360.0,,,
2026-05-18,ISA,,,,,,,,,,,
2026-05-19,ISA,28600.0,-1.11,9002747420.0,316479.0,-320,,29140.0,27680.0,,,
2026-05-20,ISA,28400.0,-0.7,7195833060.0,252428.0,-200,,29000.0,27700.0,,,
2026-05-21,ISA,29000.0,2.11,7257161860.0,253612.0,600,,29000.0,27640.0,,,
2026-05-22,ISA,28240.0,-2.62,5434314360.0,191703.0,-760,,28840.0,28240.0,,,
2026-05-25,ISA,30600.0,8.36,3787914800.0,127989.0,2360,,30600.0,28520.0,,,
2026-05-26,ISA,30960.0,1.18,20502434300.0,669803.0,360,,31300.0,28680.0,,,
2026-05-27,ISA,30180.0,-2.52,5356156520.0,178497.0,-780,,31000.0,29460.0,,,
2026-05-28,ISA,30000.0,-0.6,4098396780.0,137222.0,-180,,30000.0,29100.0,,,
2026-05-29,ISA,30200.0,0.67,96081877840.0,3182335.0,200,,30680.0,29500.0,,,
2026-06-01,ISA,31000.0,2.65,20516687240.0,651733.0,800,,32000.0,30680.0,,,
2026-06-02,ISA,30100.0,-2.9,10618567900.0,344103.0,-900,,31480.0,30100.0,,,
2026-06-03,ISA,30000.0,-0.33,5516270780.0,185571.0,-100,,30020.0,29320.0,,,
2026-06-04,ISA,30180.0,0.6,5514348620.0,183357.0,180,,30400.0,29540.0,,,
2026-06-05,ISA,29600.0,-1.92,5674265520.0,190538.0,-580,,30160.0,29360.0,,,
2026-06-08,ISA,,,,,,,,,,,
2026-06-09,ISA,29020.0,-1.96,8551231100.0,292342.0,-580,,30300.0,28500.0,,,
2026-06-10,ISA,29200.0,0.62,6997171840.0,240891.0,180,,29500.0,28520.0,,,
2026-06-11,ISA,29780.0,1.99,5560136400.0,186974.0,580,,29860.0,29200.0,,,
2026-06-12,ISA,31500.0,5.78,17520723880.0,554343.0,1720,,32200.0,29500.0,,,
2026-06-15,ISA,,,,,,,,,,,
2026-06-16,ISA,33400.0,6.03,6453639840.0,199254.0,1900,,33400.0,30700.0,,,
2026-06-17,ISA,33180.0,-0.66,10569611720.0,320120.0,-220,,33400.0,32140.0,,,
2026-06-18,ISA,32520.0,-1.99,6512395740.0,198026.0,-660,,33480.0,32520.0,,,
2026-06-19,ISA,36000.0,10.7,33651692540.0,942540.0,3480,,36000.0,31820.0,,,
2026-06-22,ISA,33500.0,-6.94,6063626140.0,178540.0,-2500,,36800.0,33080.0,,,
2026-06-23,ISA,31800.0,-5.07,47773561100.0,1501970.0,-1700,,33680.0,31600.0,,,
2026-06-24,ISA,30200.0,-5.03,12247888160.0,387832.0,-1600,,32500.0,30200.0,,,
2026-06-25,ISA,29580.0,-2.05,6365425740.0,212564.0,-620,,30940.0,29580.0,,,
2026-06-26,ISA,29540.0,-0.14,2208895060.0,74332.0,-40,,30200.0,29540.0,,,
2026-06-30,ISA,29500.0,-0.14,12603301260.0,426402.0,-40,,30080.0,29500.0,,,
2026-07-01,ISA,30100.0,2.03,9185993520.0,311864.0,600,,30180.0,29000.0,,,
2026-07-02,ISA,29560.0,-1.79,6355265480.0,212649.0,-540,,30400.0,29560.0,,,
2026-07-03,ISA,30080.0,1.76,1472214980.0,49053.0,520,,30200.0,29720.0,,,
2026-07-06,ISA,29980.0,-0.33,3353424580.0,112339.0,-100,,30160.0,29500.0,,,
2026-07-07,ISA,30200.0,0.73,8543505960.0,287526.0,220,,30200.0,29040.0,,,
2026-07-08,ISA,30700.0,1.66,5000458160.0,163643.0,500,,30740.0,30020.0,,,
2026-07-09,ISA,30440.0,-0.85,4132111580.0,135798.0,-260,,30700.0,30180.0,,,
2026-07-10,ISA,30020.0,-1.38,6385312220.0,213241.0,-420,,30380.0,29540.0,,,
2026-07-13,ISA,,,,,,,,,,,
2026-07-14,ISA,30000.0,-0.07,5254647600.0,175647.0,-20,,30240.0,28340.0,,,
2026-07-15,ISA,30800.0,2.67,9741963040.0,322154.0,800,,30800.0,29300.0,,,
2026-07-16,ISA,30740.0,-0.19,12649727060.0,410923.0,-60,,30940.0,30100.0,,,
2026-07-17,ISA,30800.0,0.2,2564449940.0,83538.0,60,,30980.0,30480.0,,,
2026-07-21,ISA,30300.0,-1.62,7814425780.0,257531.0,-500,,31000.0,30000.0,-,,
2026-01-19,PFAVAL,795.0,0.89,853439687.0,1072129.0,7,,800.0,788.0,796.02,,
2026-01-20,PFAVAL,815.0,2.52,9106825105.0,11280684.0,20,,817.0,799.0,807.29,,
2026-01-21,PFAVAL,840.0,3.07,11041403945.0,13150755.0,25,,845.0,820.0,839.6,,
2026-01-22,PFAVAL,845.0,0.6,13658584019.0,16159620.0,5,,850.0,842.0,845.23,,
2026-01-23,PFAVAL,869.0,2.84,11242965411.0,13374072.0,24,,869.0,838.0,840.65,,
2026-01-26,PFAVAL,906.0,4.26,2265152379.0,2565740.0,37,,906.0,865.0,882.85,,
2026-01-27,PFAVAL,950.0,4.86,2902580027.0,3034561.0,44,,965.0,919.0,956.51,,
2026-01-28,PFAVAL,950.0,0,1337687687.0,1421978.0,0,,960.0,920.0,940.72,,
2026-01-29,PFAVAL,932.0,-1.89,674012403.0,723372.0,-18,,936.0,928.0,931.76,,
2026-01-30,PFAVAL,895.0,-3.97,1617839295.0,1776566.0,-37,,928.0,895.0,910.66,,
2026-02-02,PFAVAL,863.0,-3.58,1952620100.0,2250846.0,-32,,891.0,860.0,867.5,,
2026-02-03,PFAVAL,878.0,1.74,773987813.0,885139.0,15,,883.0,863.0,874.43,,
2026-02-04,PFAVAL,843.0,-3.99,1271613930.0,1493646.0,-35,,880.0,840.0,851.35,,
2026-02-05,PFAVAL,816.0,-3.2,3784961705.0,4562025.0,-27,,846.0,816.0,829.67,,
2026-02-06,PFAVAL,802.0,-1.72,6643375869.0,8151151.0,-14,,831.0,802.0,815.02,,
2026-02-09,PFAVAL,815.0,1.62,6461378164.0,7971500.0,13,,825.0,804.0,810.56,,
2026-02-10,PFAVAL,829.0,1.72,4650936185.0,5670211.0,14,,832.0,813.0,820.24,,
2026-02-11,PFAVAL,813.0,-1.93,2886958288.0,3538244.0,-16,,829.0,810.0,815.93,,
2026-02-12,PFAVAL,809.0,-0.49,506690338.0,629887.0,-4,,819.0,800.0,804.41,,
2026-02-13,PFAVAL,815.0,0.74,1087058348.0,1342334.0,6,,815.0,800.0,809.83,,
2026-02-16,PFAVAL,828.0,1.6,57638039.0,70787.0,13,,828.0,828.0,814.25,,
2026-02-17,PFAVAL,800.0,-3.38,1442237821.0,1785509.0,-28,,827.0,800.0,807.75,,
2026-02-18,PFAVAL,800.0,0,2248581860.0,2790777.0,0,,817.0,800.0,805.72,,
2026-02-19,PFAVAL,805.0,0.63,2857758431.0,3568393.0,5,,809.0,800.0,800.85,,
2026-02-20,PFAVAL,825.0,2.48,5326650788.0,6525437.0,20,,828.0,808.0,816.29,,
2026-02-23,PFAVAL,807.0,-2.18,1634668613.0,1986935.0,-18,,849.0,806.0,822.71,,
2026-02-24,PFAVAL,801.0,-0.74,1574867220.0,1958016.0,-6,,815.0,800.0,804.32,,
2026-02-25,PFAVAL,816.0,1.87,1041306588.0,1286518.0,15,,816.0,800.0,809.4,,
2026-02-26,PFAVAL,792.0,-2.94,1143522168.0,1441622.0,-24,,805.0,780.0,793.22,,
2026-02-27,PFAVAL,746.0,-5.81,13506472191.0,17661145.0,-46,,792.0,746.0,764.76,,
2026-03-02,PFAVAL,707.0,-5.23,1838810570.0,2564993.0,-39,,741.0,693.0,716.89,,
2026-03-03,PFAVAL,690.0,-2.4,2084837549.0,3126223.0,-17,,695.0,650.0,666.89,,
2026-03-04,PFAVAL,779.0,12.9,6505224249.0,8737567.0,89,,790.0,695.0,744.51,,
2026-03-05,PFAVAL,741.0,-4.88,1528743075.0,2053039.0,-38,,753.0,740.0,744.62,,
2026-03-06,PFAVAL,708.0,-4.45,1015986283.0,1403773.0,-33,,741.0,708.0,723.75,,
2026-03-09,PFAVAL,748.0,5.65,1171463503.0,1609913.0,40,,754.0,712.0,727.66,,
2026-03-10,PFAVAL,770.0,2.94,1474833524.0,1952038.0,22,,770.0,738.0,755.54,,
2026-03-11,PFAVAL,770.0,0,688507791.0,898717.0,0,,770.0,761.0,766.1,,
2026-03-12,PFAVAL,748.0,-2.86,1694666328.0,2255166.0,-22,,767.0,740.0,751.46,,
2026-03-13,PFAVAL,720.0,-3.74,1088055021.0,1492824.0,-28,,744.0,720.0,728.86,,
2026-03-16,PFAVAL,750.0,4.17,904177186.0,1203619.0,30,,760.0,743.0,751.22,,
2026-03-17,PFAVAL,735.0,-2,1426046481.0,1890236.0,-15,,760.0,732.0,754.43,,
2026-03-18,PFAVAL,780.0,6.12,2322399169.0,3059993.0,45,,780.0,750.0,758.96,,
2026-03-19,PFAVAL,780.0,0,2414899633.0,3140138.0,0,,780.0,748.0,769.04,,
2026-03-20,PFAVAL,,-0.64,1169328904.0,1499754.0,-5,,785.0,772.0,779.68,,
2026-03-24,PFAVAL,777.0,-0.38,831468448.0,1073866.0,-3,,781.0,752.0,774.28,,
2026-03-25,PFAVAL,791.0,1.93,141065850.0,179240.0,15,,792.0,790.0,787.02,,
2026-03-26,PFAVAL,760.0,-3.92,407626246.0,527926.0,-31,,779.0,760.0,772.13,,
2026-03-27,PFAVAL,724.0,-4.74,2149924276.0,2914773.0,-36,,763.0,724.0,737.6,,
2026-03-30,PFAVAL,776.0,7.18,493750421.0,646493.0,52,,777.0,726.0,,,
2026-03-31,PFAVAL,800.0,3.09,1360912060.0,1718888.0,24,,800.0,775.0,,,
2026-04-01,PFAVAL,800.0,0,412264647.0,519198.0,0,,810.0,775.0,,,
2026-04-02,PFAVAL,,,,,,,,,,,
2026-04-03,PFAVAL,,,,,,,,,,,
2026-04-06,PFAVAL,805.0,0.63,641795082.0,802615.0,5,,805.0,771.0,,,
2026-04-07,PFAVAL,770.0,-4.35,337610379.0,436398.0,-35,,792.0,767.0,,,
2026-04-08,PFAVAL,805.0,4.55,829507549.0,1041137.0,35,,805.0,783.0,,,
2026-04-09,PFAVAL,810.0,0.62,976979731.0,1218782.0,5,,810.0,790.0,,,
2026-04-10,PFAVAL,789.0,-2.59,3843474546.0,4786657.0,-21,,812.0,788.0,,,
2026-04-13,PFAVAL,808.0,2.41,1106458807.0,1386177.0,19,,808.0,780.0,,,
2026-04-14,PFAVAL,847.0,4.83,4614100478.0,5507256.0,39,,847.0,810.0,,,
2026-04-15,PFAVAL,864.0,2.01,35456341147.0,42182600.0,17,,865.0,825.0,,,
2026-04-16,PFAVAL,853.0,-1.27,4370612922.0,5113100.0,-11,,864.0,846.0,,,
2026-04-17,PFAVAL,844.0,-1.06,633179313.0,750432.0,-9,,856.0,830.0,,,
2026-04-20,PFAVAL,859.0,1.78,1232975820.0,1450862.0,15,,859.0,840.0,,,
2026-04-21,PFAVAL,839.0,-2.33,3896734067.0,4612573.0,-20,,852.0,836.0,,,
2026-04-22,PFAVAL,816.0,-2.74,1254536509.0,1532410.0,-23,,838.0,814.0,,,
2026-04-23,PFAVAL,782.0,-4.17,916811889.0,1153478.0,-34,,812.0,780.0,,,
2026-04-24,PFAVAL,794.0,1.53,1582190614.0,2010965.0,12,,807.0,776.0,,,
2026-04-27,PFAVAL,821.0,3.4,2858481134.0,3491405.0,27,,838.0,795.0,,,
2026-04-28,PFAVAL,799.0,-2.68,1151482728.0,1434270.0,-22,,815.0,791.0,,,
2026-04-29,PFAVAL,792.0,-0.88,9248122774.0,11664357.0,-7,,800.0,789.0,,,
2026-04-30,PFAVAL,805.0,1.64,718937091.0,902581.0,13,,805.0,791.0,,,
2026-05-04,PFAVAL,809.0,0.5,600555693.0,739741.0,4,,822.0,797.0,,,
2026-05-05,PFAVAL,810.0,0.12,442609756.0,549856.0,1,,815.0,800.0,,,
2026-05-06,PFAVAL,823.0,1.6,1106730479.0,1330526.0,13,,842.0,814.0,,,
2026-05-07,PFAVAL,849.0,3.16,3895581665.0,4650757.0,26,,849.0,807.0,,,
2026-05-08,PFAVAL,829.0,-2.36,2509666223.0,3038812.0,-20,,833.0,817.0,,,
2026-05-11,PFAVAL,837.0,0.97,1305051110.0,1558972.0,8,,846.0,827.0,,,
2026-05-12,PFAVAL,814.0,-2.75,937194611.0,1138216.0,-23,,840.0,812.0,,,
2026-05-13,PFAVAL,798.0,-1.97,731223433.0,905771.0,-16,,823.0,793.0,,,
2026-05-14,PFAVAL,796.0,-0.25,1695529064.0,2134092.0,-2,,798.0,785.0,,,
2026-05-15,PFAVAL,767.0,-3.64,825649620.0,1068908.0,-29,,798.0,767.0,,,
2026-05-18,PFAVAL,,,,,,,,,,,
2026-05-19,PFAVAL,758.0,-1.17,365408699.0,473468.0,-9,,793.0,753.0,,,
2026-05-20,PFAVAL,779.0,2.37,1118495797.0,1453018.0,18,,780.0,759.0,,,
2026-05-21,PFAVAL,780.0,0.13,475277648.0,610851.0,1,,785.0,767.0,,,
2026-05-22,PFAVAL,779.0,-0.13,511446825.0,656376.0,-1,,788.0,767.0,,,
2026-05-25,PFAVAL,792.0,1.67,563674048.0,722432.0,13,,794.0,774.0,,,
2026-05-26,PFAVAL,844.0,6.57,2011109082.0,2450232.0,52,,844.0,790.0,,,
2026-05-27,PFAVAL,840.0,-0.47,2316897262.0,2742929.0,-4,,852.0,834.0,,,
2026-05-28,PFAVAL,832.0,-0.95,1326244412.0,1568450.0,-8,,853.0,823.0,,,
2026-05-29,PFAVAL,821.0,-1.32,4672561839.0,5588535.0,-11,,865.0,821.0,,,
2026-06-01,PFAVAL,900.0,9.62,9675225640.0,10755016.0,79,,927.0,865.0,,,
2026-06-02,PFAVAL,882.0,-2,1347931340.0,1519706.0,-18,,900.0,869.0,,,
2026-06-03,PFAVAL,875.0,-0.79,719105882.0,819443.0,-7,,881.0,866.0,,,
2026-06-04,PFAVAL,865.0,-1.14,711848703.0,826307.0,-10,,870.0,849.0,,,
2026-06-05,PFAVAL,857.0,-0.92,372939229.0,435497.0,-8,,860.0,850.0,,,
2026-06-08,PFAVAL,,,,,,,,,,,
2026-06-09,PFAVAL,899.0,4.9,1571761621.0,1765672.0,42,,900.0,870.0,,,
2026-06-10,PFAVAL,910.0,1.22,1994903227.0,2209681.0,11,,911.0,882.0,,,
2026-06-11,PFAVAL,927.0,1.87,6295873360.0,6794061.0,17,,929.0,910.0,,,
2026-06-12,PFAVAL,969.0,4.53,8188507308.0,8526844.0,42,,970.0,929.0,,,
2026-06-15,PFAVAL,,,,,,,,,,,
2026-06-16,PFAVAL,948.0,-2.17,1085893670.0,1150747.0,-21,,970.0,929.0,,,
2026-06-17,PFAVAL,961.0,1.37,1016852704.0,1064136.0,13,,970.0,921.0,,,
2026-06-18,PFAVAL,970.0,0.94,3087534391.0,3209612.0,9,,970.0,938.0,,,
2026-06-19,PFAVAL,970.0,0,1550824776.0,1605333.0,0,,970.0,941.0,,,
2026-06-22,PFAVAL,902.0,-7.01,3719296866.0,3963146.0,-68,,1015.0,884.0,,,
2026-06-23,PFAVAL,907.0,0.55,2993603264.0,3316488.0,5,,910.0,895.0,,,
2026-06-24,PFAVAL,881.0,-2.87,488825178.0,548672.0,-26,,901.0,880.0,,,
2026-06-25,PFAVAL,880.0,-0.11,211313249.0,239726.0,-1,,883.0,870.0,,,
2026-06-26,PFAVAL,882.0,0.23,473122172.0,539713.0,2,,901.0,869.0,,,
2026-06-30,PFAVAL,873.0,-1.02,361854818.0,414813.0,-9,,879.0,862.0,,,
2026-07-01,PFAVAL,873.0,,180036045.0,206306.0,0,,875.0,873.0,,,
2026-07-02,PFAVAL,861.0,-1.37,716237642.0,831288.0,-12,,886.0,847.0,,,
2026-07-03,PFAVAL,869.0,0.93,820995086.0,947558.0,8,,871.0,851.0,,,
2026-07-06,PFAVAL,843.0,-2.99,1208409191.0,1423774.0,-26,,865.0,843.0,,,
2026-07-07,PFAVAL,833.0,-1.19,864703316.0,1028355.0,-10,,852.0,830.0,,,
2026-07-08,PFAVAL,824.0,-1.08,3594838294.0,4392148.0,-9,,828.0,802.0,,,
2026-07-09,PFAVAL,836.0,1.46,1226497015.0,1467245.0,12,,861.0,814.0,,,
2026-07-10,PFAVAL,853.0,2.03,614191223.0,731924.0,17,,853.0,825.0,,,
2026-07-13,PFAVAL,,,,,,,,,,,
2026-07-14,PFAVAL,811.0,-4.92,2352218943.0,2878020.0,-42,,834.0,805.0,,,
2026-07-15,PFAVAL,831.0,2.47,571029579.0,694204.0,20,,840.0,813.0,,,
2026-07-16,PFAVAL,819.0,-1.44,1166381455.0,1426261.0,-12,,835.0,813.0,,,
2026-07-17,PFAVAL,819.0,0,542344673.0,665989.0,0,,825.0,810.0,,,
2026-07-21,PFAVAL,820.0,0.12,1288354266.0,1572998.0,1,,828.0,813.0,-,,
2026-01-19,PFCEMARGOS,13340.0,0,77754060.0,5880.0,0,,13340.0,12980.0,13223.48,,
2026-01-20,PFCEMARGOS,13340.0,,40270280.0,3004.0,,,,,13405.55,,
2026-01-21,PFCEMARGOS,13340.0,,14208580.0,1040.0,,,,,13662.1,,
2026-01-22,PFCEMARGOS,13340.0,,46016760.0,3439.0,,,,,13380.85,,
2026-01-23,PFCEMARGOS,13340.0,,29403920.0,2187.0,,,,,13444.87,,
2026-01-26,PFCEMARGOS,13340.0,,38523220.0,2851.0,,,,,13512.18,,
2026-01-27,PFCEMARGOS,13340.0,,42200900.0,3144.0,,,,,13422.68,,
2026-01-28,PFCEMARGOS,13340.0,,20288260.0,1491.0,,,,,13607.15,,
2026-01-29,PFCEMARGOS,13340.0,,17033820.0,1260.0,,,,,13518.9,,
2026-01-30,PFCEMARGOS,13340.0,,9599900.0,717.0,,,,,13388.98,,
2026-02-02,PFCEMARGOS,13600.0,1.95,160611100.0,11755.0,260,,13640.0,13400.0,13663.22,,
2026-02-03,PFCEMARGOS,13500.0,-0.74,130192940.0,9904.0,-100,,13500.0,13500.0,13145.49,,
2026-02-04,PFCEMARGOS,13500.0,,64508860.0,4877.0,,,,,13227.16,,
2026-02-05,PFCEMARGOS,13500.0,,47699840.0,3739.0,,,,,12757.38,,
2026-02-06,PFCEMARGOS,13500.0,,49337100.0,3862.0,,,,,12775.01,,
2026-02-09,PFCEMARGOS,13500.0,,9372000.0,711.0,,,,,13181.43,,
2026-02-10,PFCEMARGOS,13500.0,,11181920.0,855.0,,,,,13078.27,,
2026-02-11,PFCEMARGOS,13500.0,,53379540.0,4096.0,,,,,13032.11,,
2026-02-12,PFCEMARGOS,13500.0,,23346160.0,1824.0,,,,,12799.43,,
2026-02-13,PFCEMARGOS,13500.0,,17340100.0,1332.0,,,,,13018.09,,
2026-02-16,PFCEMARGOS,13500.0,,19262520.0,1473.0,,,,,13077.07,,
2026-02-17,PFCEMARGOS,13500.0,,10574960.0,834.0,,,,,12679.81,,
2026-02-18,PFCEMARGOS,13500.0,,10975260.0,862.0,,,,,12732.32,,
2026-02-19,PFCEMARGOS,13500.0,,3882900.0,303.0,,,,,12814.85,,
2026-02-20,PFCEMARGOS,13500.0,,9760280.0,748.0,,,,,13048.5,,
2026-02-23,PFCEMARGOS,13500.0,,18385240.0,1395.0,,,,,13179.38,,
2026-02-24,PFCEMARGOS,13500.0,,11846740.0,930.0,,,,,12738.43,,
2026-02-25,PFCEMARGOS,13500.0,,12766860.0,975.0,,,,,13094.22,,
2026-02-26,PFCEMARGOS,13500.0,,25042680.0,2021.0,,,,,12391.23,,
2026-02-27,PFCEMARGOS,13500.0,,36468420.0,2968.0,,,,,12287.2,,
2026-03-02,PFCEMARGOS,13500.0,,19308780.0,1564.0,,,,,12345.77,,
2026-03-03,PFCEMARGOS,13500.0,,46967120.0,3855.0,,,,,12183.43,,
2026-03-04,PFCEMARGOS,13500.0,,25711820.0,2065.0,,,,,12451.24,,
2026-03-05,PFCEMARGOS,13500.0,,26480820.0,2143.0,,,,,12356.89,,
2026-03-06,PFCEMARGOS,13500.0,,23447900.0,1925.0,,,,,12180.73,,
2026-03-09,PFCEMARGOS,13500.0,,2157980.0,175.0,,,,,12331.31,,
2026-03-10,PFCEMARGOS,13500.0,,17954100.0,1457.0,,,,,12322.65,,
2026-03-11,PFCEMARGOS,13500.0,,11317640.0,901.0,,,,,12561.2,,
2026-03-12,PFCEMARGOS,13500.0,,8998520.0,730.0,,,,,12326.74,,
2026-03-13,PFCEMARGOS,13500.0,,1788980.0,144.0,,,,,12423.47,,
2026-03-16,PFCEMARGOS,13500.0,,4770400.0,382.0,,,,,12487.96,,
2026-03-17,PFCEMARGOS,13500.0,,5640300.0,462.0,,,,,12208.44,,
2026-03-18,PFCEMARGOS,13500.0,,10905580.0,888.0,,,,,12281.06,,
2026-03-19,PFCEMARGOS,13500.0,,827700.0,66.0,,,,,12540.91,,
2026-03-20,PFCEMARGOS,,,2631960.0,206.0,,,,,12776.5,,
2026-03-24,PFCEMARGOS,13500.0,,2282800.0,180.0,,,,,12682.22,,
2026-03-25,PFCEMARGOS,13500.0,,188220.0,15.0,,,,,12548,,
2026-03-26,PFCEMARGOS,13500.0,,1874700.0,150.0,,,,,12498,,
2026-03-27,PFCEMARGOS,13500.0,,1444980.0,114.0,,,,,12675.26,,
2026-03-30,PFCEMARGOS,13500.0,0,35670760.0,2893.0,0,,13500.0,12000.0,,,
2026-03-31,PFCEMARGOS,12900.0,-4.44,17421180.0,1332.0,-600,,12900.0,12900.0,,,
2026-04-01,PFCEMARGOS,13300.0,3.1,16891100.0,1324.0,400,,13300.0,13300.0,,,
2026-04-02,PFCEMARGOS,,,,,,,,,,,
2026-04-03,PFCEMARGOS,,,,,,,,,,,
2026-04-06,PFCEMARGOS,13300.0,,12879720.0,1039.0,0,,13300.0,13300.0,,,
2026-04-07,PFCEMARGOS,13300.0,,11673540.0,958.0,0,,13300.0,13300.0,,,
2026-04-08,PFCEMARGOS,13300.0,,22308480.0,1784.0,0,,13300.0,13300.0,,,
2026-04-09,PFCEMARGOS,13300.0,,14264060.0,1167.0,0,,13300.0,13300.0,,,
2026-04-10,PFCEMARGOS,13300.0,,3948760.0,324.0,0,,13300.0,13300.0,,,
2026-04-13,PFCEMARGOS,13300.0,,10720600.0,888.0,0,,13300.0,13300.0,,,
2026-04-14,PFCEMARGOS,13300.0,,21239560.0,1741.0,0,,13300.0,13300.0,,,
2026-04-15,PFCEMARGOS,13300.0,,38771420.0,3182.0,0,,13300.0,13300.0,,,
2026-04-16,PFCEMARGOS,13300.0,,21997080.0,1830.0,0,,13300.0,13300.0,,,
2026-04-17,PFCEMARGOS,13300.0,,6643360.0,559.0,0,,13300.0,13300.0,,,
2026-04-20,PFCEMARGOS,13300.0,,25559580.0,2129.0,0,,13300.0,13300.0,,,
2026-04-21,PFCEMARGOS,13300.0,,54748760.0,4557.0,0,,13300.0,13300.0,,,
2026-04-22,PFCEMARGOS,13300.0,,7675100.0,639.0,0,,13300.0,13300.0,,,
2026-04-23,PFCEMARGOS,13300.0,,669500.0,56.0,0,,13300.0,13300.0,,,
2026-04-24,PFCEMARGOS,13300.0,,8839160.0,768.0,0,,13300.0,13300.0,,,
2026-04-27,PFCEMARGOS,13300.0,,4513220.0,380.0,0,,13300.0,13300.0,,,
2026-04-28,PFCEMARGOS,13300.0,,1813600.0,158.0,0,,13300.0,13300.0,,,
2026-04-29,PFCEMARGOS,13300.0,,5734200.0,495.0,0,,13300.0,13300.0,,,
2026-04-30,PFCEMARGOS,13300.0,,4535360.0,391.0,0,,13300.0,13300.0,,,
2026-05-04,PFCEMARGOS,13300.0,,12189760.0,1049.0,0,,13300.0,13300.0,,,
2026-05-05,PFCEMARGOS,13300.0,,18723860.0,1646.0,0,,13300.0,13300.0,,,
2026-05-06,PFCEMARGOS,13300.0,,1628260.0,142.0,0,,13300.0,13300.0,,,
2026-05-07,PFCEMARGOS,13300.0,,18463260.0,1639.0,0,,13300.0,13300.0,,,
2026-05-08,PFCEMARGOS,13300.0,,7903660.0,708.0,0,,13300.0,13300.0,,,
2026-05-11,PFCEMARGOS,13300.0,,33294460.0,3013.0,0,,13300.0,13300.0,,,
2026-05-12,PFCEMARGOS,13300.0,,1885840.0,174.0,0,,13300.0,13300.0,,,
2026-05-13,PFCEMARGOS,13300.0,,803540.0,73.0,0,,13300.0,13300.0,,,
2026-05-14,PFCEMARGOS,13300.0,,28573580.0,2506.0,0,,13300.0,13300.0,,,
2026-05-15,PFCEMARGOS,13300.0,,4533760.0,419.0,0,,13300.0,13300.0,,,
2026-05-18,PFCEMARGOS,,,,,,,,,,,
2026-05-19,PFCEMARGOS,13300.0,,4565860.0,405.0,0,,13300.0,13300.0,,,
2026-05-20,PFCEMARGOS,13300.0,,10733520.0,996.0,0,,13300.0,13300.0,,,
2026-05-21,PFCEMARGOS,13300.0,,7157660.0,648.0,0,,13300.0,13300.0,,,
2026-05-22,PFCEMARGOS,13300.0,,2141880.0,197.0,0,,13300.0,13300.0,,,
2026-05-25,PFCEMARGOS,13300.0,,1513740.0,142.0,0,,13300.0,13300.0,,,
2026-05-26,PFCEMARGOS,13300.0,,15090740.0,1318.0,0,,13300.0,13300.0,,,
2026-05-27,PFCEMARGOS,12520.0,-5.86,238766460.0,20491.0,-780,,12980.0,10600.0,,,
2026-05-28,PFCEMARGOS,12360.0,-1.28,87303380.0,7049.0,-160,,12560.0,12520.0,,,
2026-05-29,PFCEMARGOS,12300.0,-0.49,24240460.0,2000.0,-60,,12300.0,12300.0,,,
2026-06-01,PFCEMARGOS,12420.0,0.98,31898060.0,2614.0,120,,12420.0,12420.0,,,
2026-06-02,PFCEMARGOS,12420.0,,17772380.0,1469.0,0,,12420.0,12420.0,,,
2026-06-03,PFCEMARGOS,12280.0,-1.13,60684020.0,5049.0,-140,,12280.0,11900.0,,,
2026-06-04,PFCEMARGOS,11800.0,-3.91,14148880.0,1190.0,-480,,11800.0,11800.0,,,
2026-06-05,PFCEMARGOS,11980.0,1.53,12313900.0,1039.0,180,,11980.0,11980.0,,,
2026-06-08,PFCEMARGOS,,,,,,,,,,,
2026-06-09,PFCEMARGOS,11980.0,,8187500.0,709.0,0,,11980.0,11980.0,,,
2026-06-10,PFCEMARGOS,11220.0,-6.34,36623580.0,3236.0,-760,,11220.0,11220.0,,,
2026-06-11,PFCEMARGOS,11780.0,4.99,9008580.0,781.0,560,,11780.0,11780.0,,,
2026-06-12,PFCEMARGOS,11580.0,-1.7,112753960.0,9758.0,-200,,11700.0,11480.0,,,
2026-06-15,PFCEMARGOS,,,,,,,,,,,
2026-06-16,PFCEMARGOS,11580.0,,8557840.0,705.0,0,,11580.0,11580.0,,,
2026-06-17,PFCEMARGOS,11500.0,-0.69,11278700.0,973.0,-80,,11500.0,11500.0,,,
2026-06-18,PFCEMARGOS,11500.0,,4469200.0,387.0,0,,11500.0,11500.0,,,
2026-06-19,PFCEMARGOS,11880.0,3.3,100008280.0,8406.0,380,,12260.0,11500.0,,,
2026-06-22,PFCEMARGOS,11140.0,-6.23,175997360.0,14978.0,-740,,12780.0,11000.0,,,
2026-06-23,PFCEMARGOS,11540.0,3.59,29798600.0,2605.0,400,,11540.0,11360.0,,,
2026-06-24,PFCEMARGOS,11240.0,-2.6,31896640.0,2810.0,-300,,11460.0,11240.0,,,
2026-06-25,PFCEMARGOS,11040.0,-1.78,51942120.0,4659.0,-200,,11400.0,11040.0,,,
2026-06-26,PFCEMARGOS,10900.0,-1.27,31638080.0,2851.0,-140,,11000.0,10900.0,,,
2026-06-30,PFCEMARGOS,11280.0,3.49,46439600.0,4117.0,380,,11500.0,11200.0,,,
2026-07-01,PFCEMARGOS,12000.0,6.38,29661760.0,2533.0,720,,12000.0,11400.0,,,
2026-07-02,PFCEMARGOS,11280.0,-6,32843960.0,2865.0,-720,,11980.0,11200.0,,,
2026-07-03,PFCEMARGOS,11280.0,,10075900.0,876.0,0,,11280.0,11280.0,,,
2026-07-06,PFCEMARGOS,11280.0,,6230100.0,536.0,0,,11280.0,11280.0,,,
2026-07-07,PFCEMARGOS,11280.0,,5353820.0,476.0,0,,11280.0,11280.0,,,
2026-07-08,PFCEMARGOS,11280.0,,3000080.0,265.0,0,,11280.0,11280.0,,,
2026-07-09,PFCEMARGOS,11260.0,-0.18,37078720.0,3335.0,-20,,11260.0,11000.0,,,
2026-07-10,PFCEMARGOS,11740.0,4.26,7356900.0,637.0,480,,11740.0,11740.0,,,
2026-07-13,PFCEMARGOS,,,,,,,,,,,
2026-07-14,PFCEMARGOS,11740.0,,6394960.0,553.0,0,,11740.0,11740.0,,,
2026-07-15,PFCEMARGOS,11740.0,,6832580.0,587.0,0,,11740.0,11740.0,,,
2026-07-16,PFCEMARGOS,11740.0,,4851840.0,431.0,0,,11740.0,11740.0,,,
2026-07-17,PFCEMARGOS,11740.0,,969440.0,83.0,0,,11740.0,11740.0,,,
2026-07-21,PFCEMARGOS,11660.0,-0.68,10054800.0,874.0,-80,,11660.0,11660.0,-,,
2026-01-19,PFCIBEST,71460.0,2.11,37691049920.0,526044.0,1480,,72780.0,69980.0,71649.99,,
2026-01-20,PFCIBEST,70800.0,-0.92,56983149760.0,802013.0,-660,,75000.0,70400.0,71050.16,,
2026-01-21,PFCIBEST,73200.0,3.39,50792129380.0,703739.0,2400,,73280.0,71100.0,72174.67,,
2026-01-22,PFCIBEST,71000.0,-3.01,55656224360.0,778100.0,-2200,,73500.0,70340.0,71528.37,,
2026-01-23,PFCIBEST,75300.0,6.06,40730048020.0,547776.0,4300,,75400.0,71520.0,74355.3,,
2026-01-26,PFCIBEST,77800.0,3.32,51234005740.0,665760.0,2500,,77800.0,74700.0,76955.67,,
2026-01-27,PFCIBEST,75020.0,-3.57,59300830480.0,775438.0,-2780,,79500.0,75020.0,76473.98,,
2026-01-28,PFCIBEST,76800.0,2.37,56466038740.0,742386.0,1780,,77000.0,74880.0,76060.21,,
2026-01-29,PFCIBEST,76300.0,-0.65,51475675960.0,673039.0,-500,,77680.0,75440.0,76482.46,,
2026-01-30,PFCIBEST,75500.0,-1.05,75545193360.0,1001756.0,-800,,76500.0,74280.0,75412.77,,
2026-02-02,PFCIBEST,74660.0,-1.11,17521638020.0,234445.0,-840,,75900.0,74220.0,74736.67,,
2026-02-03,PFCIBEST,75020.0,0.48,69325171440.0,920990.0,360,,75900.0,74300.0,75272.45,,
2026-02-04,PFCIBEST,71480.0,-4.72,80680292460.0,1117530.0,-3540,,75060.0,70300.0,72195.19,,
2026-02-05,PFCIBEST,70300.0,-1.65,43149867140.0,609355.0,-1180,,71440.0,70000.0,70812.36,,
2026-02-06,PFCIBEST,72400.0,2.99,48181246940.0,674942.0,2100,,72400.0,70100.0,71385.76,,
2026-02-09,PFCIBEST,73300.0,1.24,49098994380.0,670626.0,900,,74160.0,70860.0,73213.68,,
2026-02-10,PFCIBEST,73800.0,0.68,43968009140.0,599696.0,500,,73860.0,72760.0,73317.16,,
2026-02-11,PFCIBEST,72580.0,-1.65,38585082360.0,530201.0,-1220,,73800.0,71840.0,72774.44,,
2026-02-12,PFCIBEST,70400.0,-3,39680304740.0,561896.0,-2180,,72720.0,69800.0,70618.59,,
2026-02-13,PFCIBEST,70600.0,0.28,30958935080.0,440839.0,200,,70800.0,69100.0,70227.31,,
2026-02-16,PFCIBEST,70420.0,-0.25,10339158000.0,146547.0,-180,,71600.0,70300.0,70551.82,,
2026-02-17,PFCIBEST,71300.0,1.25,31283954860.0,441013.0,880,,71300.0,70180.0,70936.58,,
2026-02-18,PFCIBEST,71580.0,0.39,39101143620.0,547481.0,280,,72220.0,70780.0,71420.09,,
2026-02-19,PFCIBEST,73280.0,2.37,30405626040.0,419673.0,1700,,73280.0,71100.0,72450.76,,
2026-02-20,PFCIBEST,74300.0,1.39,39835452940.0,542584.0,1020,,74300.0,72500.0,73418.04,,
2026-02-23,PFCIBEST,75000.0,0.94,75905313740.0,1010254.0,700,,77000.0,74440.0,75134.88,,
2026-02-24,PFCIBEST,70760.0,-5.65,124261190220.0,1752487.0,-4240,,74500.0,68700.0,70905.63,,
2026-02-25,PFCIBEST,68700.0,-2.91,69643801520.0,1006302.0,-2060,,71120.0,68540.0,69207.65,,
2026-02-26,PFCIBEST,65200.0,-5.09,82812160780.0,1265715.0,-3500,,68400.0,64660.0,65427.18,,
2026-02-27,PFCIBEST,63620.0,-2.42,122326489340.0,1911198.0,-1580,,65860.0,63620.0,64005.14,,
2026-03-02,PFCIBEST,62600.0,-1.6,37212111180.0,591216.0,-1020,,64000.0,62000.0,62941.65,,
2026-03-03,PFCIBEST,62800.0,0.32,125733701200.0,2032019.0,200,,63480.0,59800.0,61876.24,,
2026-03-04,PFCIBEST,63000.0,0.32,107456718420.0,1689316.0,200,,64300.0,62900.0,63609.6,,
2026-03-05,PFCIBEST,61500.0,-2.38,46189461680.0,748615.0,-1500,,62920.0,61200.0,61699.89,,
2026-03-06,PFCIBEST,62280.0,1.27,42882346720.0,691488.0,780,,62400.0,61000.0,62014.59,,
2026-03-09,PFCIBEST,63160.0,1.41,43847563280.0,703973.0,880,,63520.0,60580.0,62285.86,,
2026-03-10,PFCIBEST,65300.0,3.39,36075509320.0,557005.0,2140,,65460.0,63360.0,64766.94,,
2026-03-11,PFCIBEST,64480.0,-1.26,39417928320.0,609527.0,-820,,65500.0,63860.0,64669.7,,
2026-03-12,PFCIBEST,60800.0,-5.71,73295323520.0,1196745.0,-3680,,63600.0,60300.0,61245.56,,
2026-03-13,PFCIBEST,61140.0,0.56,54342081780.0,887044.0,340,,62240.0,60800.0,61261.99,,
2026-03-16,PFCIBEST,62680.0,2.52,39399634960.0,624245.0,1540,,63460.0,61480.0,63115.66,,
2026-03-17,PFCIBEST,62980.0,0.48,36978335200.0,589067.0,300,,63820.0,61900.0,62774.41,,
2026-03-18,PFCIBEST,63260.0,0.44,53551214700.0,843787.0,280,,64080.0,62980.0,63465.32,,
2026-03-19,PFCIBEST,63320.0,0.09,37173223940.0,594007.0,60,,63400.0,61700.0,62580.45,,
2026-03-20,PFCIBEST,,1.39,48883402560.0,764614.0,880,,64760.0,63180.0,63932.13,,
2026-03-24,PFCIBEST,65440.0,1.61,46331371800.0,706020.0,1040,,66360.0,64000.0,65623.31,,
2026-03-25,PFCIBEST,67680.0,1.77,27383236540.0,411464.0,1160,,66900.0,65740.0,66550.75,,
2026-03-26,PFCIBEST,65120.0,-3.78,35393597340.0,540857.0,-2560,,66800.0,64760.0,65439.84,,
2026-03-27,PFCIBEST,64300.0,-1.26,43604765700.0,682173.0,-820,,64820.0,63020.0,63920.39,,
2026-03-30,PFCIBEST,63620.0,-1.06,25619934360.0,402011.0,-680,,64420.0,63380.0,,,
2026-03-31,PFCIBEST,67500.0,6.1,69319726780.0,1041807.0,3880,,67500.0,63700.0,,,
2026-04-01,PFCIBEST,66860.0,-0.95,28163577440.0,420718.0,-640,,68000.0,66520.0,,,
2026-04-02,PFCIBEST,,,,,,,,,,,
2026-04-03,PFCIBEST,,,,,,,,,,,
2026-04-06,PFCIBEST,67180.0,0.48,27311120100.0,403780.0,320,,68200.0,66720.0,,,
2026-04-07,PFCIBEST,67360.0,0.27,29886145780.0,447080.0,180,,67360.0,66020.0,,,
2026-04-08,PFCIBEST,68560.0,1.78,45339259680.0,661054.0,1200,,69380.0,67520.0,,,
2026-04-09,PFCIBEST,67880.0,-0.99,63326146400.0,936663.0,-680,,69000.0,66860.0,,,
2026-04-10,PFCIBEST,67460.0,-0.62,45090879760.0,661420.0,-420,,68700.0,67440.0,,,
2026-04-13,PFCIBEST,69300.0,2.73,60773338980.0,890100.0,1840,,69400.0,66860.0,,,
2026-04-14,PFCIBEST,69980.0,0.98,62851085040.0,900408.0,680,,70240.0,69200.0,,,
2026-04-15,PFCIBEST,67920.0,-2.94,34946704440.0,509725.0,-2060,,70000.0,67920.0,,,
2026-04-16,PFCIBEST,68720.0,1.18,55766977140.0,815491.0,800,,68820.0,67460.0,,,
2026-04-17,PFCIBEST,66000.0,-3.96,64812115880.0,968135.0,-2720,,69360.0,66000.0,,,
2026-04-20,PFCIBEST,65980.0,-0.03,51796353420.0,783347.0,-20,,67000.0,65380.0,,,
2026-04-21,PFCIBEST,65340.0,-0.97,14848188320.0,225158.0,-640,,67140.0,65340.0,,,
2026-04-22,PFCIBEST,65680.0,0.52,25501186360.0,390627.0,340,,65740.0,64340.0,,,
2026-04-23,PFCIBEST,63860.0,-2.77,57604259680.0,876436.0,-1820,,66380.0,63700.0,,,
2026-04-24,PFCIBEST,63120.0,-1.16,15296059360.0,240674.0,-740,,64300.0,63100.0,,,
2026-04-27,PFCIBEST,62940.0,-0.29,32243798180.0,510597.0,-180,,63500.0,62640.0,,,
2026-04-28,PFCIBEST,62000.0,-1.49,34859198820.0,564399.0,-940,,63500.0,61160.0,,,
2026-04-29,PFCIBEST,61020.0,-1.58,46295338260.0,756626.0,-980,,62760.0,60120.0,,,
2026-04-30,PFCIBEST,62460.0,2.36,32645101320.0,526927.0,1440,,62640.0,60860.0,,,
2026-05-04,PFCIBEST,60900.0,-2.5,22004031880.0,361272.0,-1560,,62480.0,60520.0,,,
2026-05-05,PFCIBEST,60900.0,0,61220589620.0,1004002.0,0,,61820.0,60100.0,,,
2026-05-06,PFCIBEST,62240.0,2.2,46672620560.0,758438.0,1340,,62240.0,60700.0,,,
2026-05-07,PFCIBEST,60920.0,-2.12,41760166700.0,678109.0,-1320,,63380.0,60920.0,,,
2026-05-08,PFCIBEST,60500.0,-0.69,29864191500.0,489603.0,-420,,61420.0,60500.0,,,
2026-05-11,PFCIBEST,60040.0,-0.76,34575110440.0,569979.0,-460,,61360.0,60040.0,,,
2026-05-12,PFCIBEST,60360.0,0.53,37022175960.0,610852.0,320,,61320.0,60200.0,,,
2026-05-13,PFCIBEST,60040.0,-0.53,39943637120.0,659528.0,-320,,61320.0,59500.0,,,
2026-05-14,PFCIBEST,60680.0,1.07,67655525780.0,1106772.0,640,,61660.0,60400.0,,,
2026-05-15,PFCIBEST,59800.0,-1.45,37115532080.0,617443.0,-880,,61300.0,59700.0,,,
2026-05-18,PFCIBEST,,,,,,,,,,,
2026-05-19,PFCIBEST,60240.0,0.74,31083346720.0,514070.0,440,,61000.0,60160.0,,,
2026-05-20,PFCIBEST,60720.0,0.8,38050825660.0,623805.0,480,,61740.0,60440.0,,,
2026-05-21,PFCIBEST,60940.0,0.36,29855258380.0,486507.0,220,,61940.0,60680.0,,,
2026-05-22,PFCIBEST,59920.0,-1.67,37119759720.0,614506.0,-1020,,61620.0,59920.0,,,
2026-05-25,PFCIBEST,61460.0,2.57,24383776500.0,398407.0,1540,,61600.0,59920.0,,,
2026-05-26,PFCIBEST,65660.0,6.83,60914957660.0,946295.0,4200,,65660.0,61380.0,,,
2026-05-27,PFCIBEST,64200.0,-2.22,47605434400.0,745307.0,-1460,,65700.0,63300.0,,,
2026-05-28,PFCIBEST,63000.0,-1.87,46895573820.0,741638.0,-1200,,64200.0,62800.0,,,
2026-05-29,PFCIBEST,62000.0,-1.59,194297046960.0,3117038.0,-1000,,64360.0,62000.0,,,
2026-06-01,PFCIBEST,65320.0,5.35,95959591200.0,1432734.0,3320,,68880.0,65100.0,,,
2026-06-02,PFCIBEST,66060.0,1.13,42174555520.0,638308.0,740,,67080.0,64760.0,,,
2026-06-03,PFCIBEST,64600.0,-2.21,48214696140.0,743713.0,-1460,,65780.0,64500.0,,,
2026-06-04,PFCIBEST,64040.0,-0.87,14578577280.0,226233.0,-560,,65540.0,64040.0,,,
2026-06-05,PFCIBEST,63600.0,-0.69,25846787140.0,406063.0,-440,,65380.0,63200.0,,,
2026-06-08,PFCIBEST,,,,,,,,,,,
2026-06-09,PFCIBEST,66920.0,5.22,83835083160.0,1274488.0,3320,,66920.0,64180.0,,,
2026-06-10,PFCIBEST,67480.0,0.84,60446973280.0,897447.0,560,,67860.0,64240.0,,,
2026-06-11,PFCIBEST,70680.0,4.74,83270930540.0,1194502.0,3200,,70680.0,67620.0,,,
2026-06-12,PFCIBEST,69500.0,-1.67,85894292040.0,1224898.0,-1180,,71640.0,68920.0,,,
2026-06-15,PFCIBEST,,,,,,,,,,,
2026-06-16,PFCIBEST,68160.0,-1.93,48234492480.0,705827.0,-1340,,69340.0,67580.0,,,
2026-06-17,PFCIBEST,69120.0,1.41,34124342060.0,493401.0,960,,69720.0,68160.0,,,
2026-06-18,PFCIBEST,70480.0,1.97,60238417340.0,858549.0,1360,,70480.0,68940.0,,,
2026-06-19,PFCIBEST,74000.0,4.99,105590308700.0,1438900.0,3520,,74000.0,70200.0,,,
2026-06-22,PFCIBEST,70100.0,-5.27,54229527760.0,761476.0,-3900,,74840.0,69660.0,,,
2026-06-23,PFCIBEST,69300.0,-1.14,42932575520.0,622901.0,-800,,70320.0,68360.0,,,
2026-06-24,PFCIBEST,66800.0,-3.61,38015485720.0,561748.0,-2500,,69140.0,66800.0,,,
2026-06-25,PFCIBEST,66500.0,-0.45,29375415460.0,437269.0,-300,,68000.0,66500.0,,,
2026-06-26,PFCIBEST,67040.0,0.81,13093565560.0,194484.0,540,,67960.0,66040.0,,,
2026-06-30,PFCIBEST,67600.0,0.84,36485531540.0,537754.0,560,,68840.0,67420.0,,,
2026-07-01,PFCIBEST,66220.0,-2.04,15710969780.0,233297.0,-1380,,69040.0,66160.0,,,
2026-07-02,PFCIBEST,66100.0,-0.18,23479127300.0,354063.0,-120,,67580.0,65200.0,,,
2026-07-03,PFCIBEST,66700.0,0.91,6007040120.0,90007.0,600,,67000.0,66260.0,,,
2026-07-06,PFCIBEST,67980.0,1.92,11776144600.0,174172.0,1280,,67980.0,66700.0,,,
2026-07-07,PFCIBEST,67780.0,-0.29,11763142760.0,175231.0,-200,,68040.0,66260.0,,,
2026-07-08,PFCIBEST,67220.0,-0.83,20177490040.0,302646.0,-560,,68000.0,65820.0,,,
2026-07-09,PFCIBEST,66500.0,-1.07,6728584440.0,100723.0,-720,,67520.0,66480.0,,,
2026-07-10,PFCIBEST,67400.0,1.35,15123190740.0,224555.0,900,,67700.0,66460.0,,,
2026-07-13,PFCIBEST,,,,,,,,,,,
2026-07-14,PFCIBEST,67100.0,-0.45,21125224160.0,316028.0,-300,,67300.0,66020.0,,,
2026-07-15,PFCIBEST,65300.0,-2.68,45176603220.0,684721.0,-1800,,67100.0,65300.0,,,
2026-07-16,PFCIBEST,64500.0,-1.23,63953927700.0,994276.0,-800,,65300.0,63800.0,,,
2026-07-17,PFCIBEST,65200.0,1.09,18586932460.0,285949.0,700,,65800.0,62000.0,,,
2026-07-21,PFCIBEST,67300.0,3.22,27980810180.0,418187.0,2100,,67780.0,64960.0,-,,
2026-01-19,PFDAVIGRP,29940.0,-1.38,4780388580.0,158716.0,-420,,30480.0,29900.0,30119.13,,
2026-01-20,PFDAVIGRP,29660.0,-0.94,7203969420.0,242438.0,-280,,29940.0,29600.0,29714.69,,
2026-01-21,PFDAVIGRP,29740.0,0.27,10818340100.0,362486.0,80,,30320.0,29700.0,29844.85,,
2026-01-22,PFDAVIGRP,29400.0,-1.14,11117041820.0,378163.0,-340,,29800.0,29220.0,29397.49,,
2026-01-23,PFDAVIGRP,29400.0,0,6117436920.0,209033.0,0,,29800.0,27360.0,29265.41,,
2026-01-26,PFDAVIGRP,29900.0,1.7,5298767840.0,177915.0,500,,29940.0,29100.0,29782.58,,
2026-01-27,PFDAVIGRP,31500.0,5.35,20385049220.0,674622.0,1600,,31500.0,30000.0,30216.99,,
2026-01-28,PFDAVIGRP,31640.0,0.44,10949994960.0,347376.0,140,,32000.0,31120.0,31522.03,,
2026-01-29,PFDAVIGRP,31500.0,-0.44,3853013600.0,122306.0,-140,,31600.0,31100.0,31503.06,,
2026-01-30,PFDAVIGRP,31500.0,0,5605413840.0,177658.0,0,,31700.0,31200.0,31551.71,,
2026-02-02,PFDAVIGRP,31420.0,-0.25,16236130760.0,524426.0,-80,,31420.0,30800.0,30959.81,,
2026-02-03,PFDAVIGRP,31480.0,0.19,5826423860.0,186067.0,60,,31600.0,31240.0,31313.58,,
2026-02-04,PFDAVIGRP,30700.0,-2.48,1673994380.0,54449.0,-780,,31600.0,30100.0,30744.26,,
2026-02-05,PFDAVIGRP,30300.0,-1.3,1986062520.0,65748.0,-400,,30480.0,30000.0,30207.19,,
2026-02-06,PFDAVIGRP,30500.0,0.66,1013924920.0,33348.0,200,,30540.0,30140.0,30404.37,,
2026-02-09,PFDAVIGRP,31000.0,1.64,737888040.0,24023.0,500,,31000.0,30100.0,30715.9,,
2026-02-10,PFDAVIGRP,30380.0,-2,4607337640.0,150411.0,-620,,30980.0,30380.0,30631.65,,
2026-02-11,PFDAVIGRP,31000.0,2.04,1970987400.0,64325.0,620,,31480.0,30380.0,30641.08,,
2026-02-12,PFDAVIGRP,30160.0,-2.71,2717892460.0,88116.0,-840,,31200.0,30040.0,30844.48,,
2026-02-13,PFDAVIGRP,30600.0,1.46,6861253220.0,226192.0,440,,30600.0,30160.0,30333.76,,
2026-02-16,PFDAVIGRP,30500.0,-0.33,46732320.0,1535.0,-100,,30500.0,30140.0,30444.51,,
2026-02-17,PFDAVIGRP,30480.0,-0.07,335469340.0,11037.0,-20,,30480.0,30200.0,30394.98,,
2026-02-18,PFDAVIGRP,30940.0,1.51,3979594460.0,128834.0,460,,31300.0,30480.0,30889.32,,
2026-02-19,PFDAVIGRP,31180.0,0.78,2958732520.0,95842.0,240,,31180.0,30500.0,30870.94,,
2026-02-20,PFDAVIGRP,31180.0,0,1424378660.0,45794.0,0,,31400.0,30900.0,31104.05,,
2026-02-23,PFDAVIGRP,31580.0,1.28,7883993420.0,249110.0,400,,32200.0,31360.0,31648.64,,
2026-02-24,PFDAVIGRP,31580.0,0,2167203720.0,69122.0,0,,31580.0,30880.0,31353.31,,
2026-02-25,PFDAVIGRP,33000.0,4.5,9502843480.0,295278.0,1420,,33000.0,31400.0,32182.7,,
2026-02-26,PFDAVIGRP,31940.0,-3.21,5313318740.0,168435.0,-1060,,31940.0,31020.0,31545.22,,
2026-02-27,PFDAVIGRP,29980.0,-6.14,23155462240.0,767552.0,-1960,,31400.0,29980.0,30167.94,,
2026-03-02,PFDAVIGRP,28740.0,-4.14,1744048460.0,60273.0,-1240,,29960.0,28500.0,28935.82,,
2026-03-03,PFDAVIGRP,27040.0,-5.92,3854861360.0,143128.0,-1700,,27800.0,26000.0,26932.96,,
2026-03-04,PFDAVIGRP,27680.0,2.37,2567572340.0,93096.0,640,,27920.0,27340.0,27579.84,,
2026-03-05,PFDAVIGRP,27300.0,-1.37,504191060.0,18338.0,-380,,27800.0,27300.0,27494.33,,
2026-03-06,PFDAVIGRP,26000.0,-4.76,2182636160.0,82144.0,-1300,,27500.0,25620.0,26570.85,,
2026-03-09,PFDAVIGRP,27260.0,4.85,1890011080.0,69216.0,1260,,27880.0,26600.0,27305.99,,
2026-03-10,PFDAVIGRP,27500.0,0.88,3164666560.0,114679.0,240,,28080.0,27300.0,27595.87,,
2026-03-11,PFDAVIGRP,27400.0,-0.36,1500757280.0,54592.0,-100,,27700.0,27400.0,27490.42,,
2026-03-12,PFDAVIGRP,26840.0,-2.04,963962380.0,35859.0,-560,,27060.0,26800.0,26882.02,,
2026-03-13,PFDAVIGRP,26100.0,-2.76,866076540.0,32962.0,-740,,26700.0,26040.0,26275,,
2026-03-16,PFDAVIGRP,26200.0,0.38,656768200.0,24819.0,100,,27180.0,26200.0,26462.32,,
2026-03-17,PFDAVIGRP,26100.0,-0.38,1854142140.0,70239.0,-100,,26680.0,26100.0,26397.62,,
2026-03-18,PFDAVIGRP,26200.0,0.38,641226840.0,24567.0,100,,26220.0,26000.0,26101.15,,
2026-03-19,PFDAVIGRP,25800.0,-1.53,853638300.0,32828.0,-400,,26100.0,25800.0,26003.36,,
2026-03-20,PFDAVIGRP,,1.94,899496600.0,34130.0,500,,26500.0,25760.0,26355.01,,
2026-03-24,PFDAVIGRP,25800.0,3.2,2378617820.0,90928.0,800,,26500.0,25100.0,26159.35,,
2026-03-25,PFDAVIGRP,26500.0,0.78,1357808120.0,52219.0,200,,26200.0,25800.0,26002.19,,
2026-03-26,PFDAVIGRP,26600.0,0.38,371377420.0,13994.0,100,,26800.0,26100.0,26538.33,,
2026-03-27,PFDAVIGRP,25420.0,-4.44,2314652220.0,90291.0,-1180,,26600.0,24500.0,25635.47,,
2026-03-30,PFDAVIGRP,25900.0,1.89,30790560.0,1193.0,480,,26000.0,25880.0,,,
2026-03-31,PFDAVIGRP,26040.0,0.54,404764780.0,15694.0,140,,26140.0,25200.0,,,
2026-04-01,PFDAVIGRP,25960.0,-0.31,111820900.0,4302.0,-80,,26260.0,25900.0,,,
2026-04-02,PFDAVIGRP,,,,,,,,,,,
2026-04-03,PFDAVIGRP,,,,,,,,,,,
2026-04-06,PFDAVIGRP,26600.0,2.47,1021034040.0,38721.0,640,,26700.0,25820.0,,,
2026-04-07,PFDAVIGRP,26100.0,-1.88,1006675920.0,38475.0,-500,,26500.0,25900.0,,,
2026-04-08,PFDAVIGRP,26700.0,2.3,4877352440.0,182754.0,600,,26900.0,26460.0,,,
2026-04-09,PFDAVIGRP,26900.0,0.75,1226997960.0,45870.0,200,,26900.0,26480.0,,,
2026-04-10,PFDAVIGRP,27100.0,0.74,2680884580.0,98793.0,200,,27380.0,26980.0,,,
2026-04-13,PFDAVIGRP,27860.0,2.8,2012767980.0,72489.0,760,,28000.0,27100.0,,,
2026-04-14,PFDAVIGRP,28080.0,0.79,2400573000.0,85220.0,220,,28400.0,27620.0,,,
2026-04-15,PFDAVIGRP,27880.0,-0.71,776373160.0,27825.0,-200,,28140.0,27720.0,,,
2026-04-16,PFDAVIGRP,28240.0,1.29,1682527680.0,59815.0,360,,28240.0,27740.0,,,
2026-04-17,PFDAVIGRP,28180.0,-0.21,6672637020.0,236821.0,-60,,28200.0,27720.0,,,
2026-04-20,PFDAVIGRP,28000.0,-0.64,1764609640.0,63033.0,-180,,28200.0,27700.0,,,
2026-04-21,PFDAVIGRP,28000.0,0,345876520.0,12353.0,0,,28080.0,27960.0,,,
2026-04-22,PFDAVIGRP,27760.0,-0.86,712462600.0,25675.0,-240,,27800.0,27500.0,,,
2026-04-23,PFDAVIGRP,27680.0,-0.29,4282119300.0,154730.0,-80,,27700.0,27200.0,,,
2026-04-24,PFDAVIGRP,27020.0,-2.38,936966740.0,33998.0,-660,,27960.0,27000.0,,,
2026-04-27,PFDAVIGRP,26600.0,-1.55,977918480.0,36295.0,-420,,27080.0,26600.0,,,
2026-04-28,PFDAVIGRP,26260.0,-1.28,2538761640.0,96673.0,-340,,26680.0,26100.0,,,
2026-04-29,PFDAVIGRP,26000.0,-0.99,767596360.0,29285.0,-260,,26420.0,26000.0,,,
2026-04-30,PFDAVIGRP,26080.0,0.31,537916660.0,20572.0,80,,26700.0,26080.0,,,
2026-05-04,PFDAVIGRP,25860.0,-0.84,287909500.0,11045.0,-220,,26640.0,25780.0,,,
2026-05-05,PFDAVIGRP,25700.0,-0.62,658153200.0,25353.0,-160,,26200.0,25700.0,,,
2026-05-06,PFDAVIGRP,25940.0,0.93,468639560.0,18086.0,240,,26380.0,25660.0,,,
2026-05-07,PFDAVIGRP,24900.0,-4.01,1676820380.0,66806.0,-1040,,25940.0,24900.0,,,
2026-05-08,PFDAVIGRP,24600.0,-1.2,2742317480.0,111720.0,-300,,24860.0,24380.0,,,
2026-05-11,PFDAVIGRP,23860.0,-3.01,511402320.0,21095.0,-740,,24440.0,23720.0,,,
2026-05-12,PFDAVIGRP,22600.0,-5.28,2255870820.0,95386.0,-1260,,23960.0,22600.0,,,
2026-05-13,PFDAVIGRP,22480.0,-0.53,2962627440.0,130565.0,-120,,23080.0,22480.0,,,
2026-05-14,PFDAVIGRP,22900.0,1.87,2995154940.0,130598.0,420,,23200.0,22720.0,,,
2026-05-15,PFDAVIGRP,22680.0,-0.96,881832060.0,38704.0,-220,,23300.0,22600.0,,,
2026-05-18,PFDAVIGRP,,,,,,,,,,,
2026-05-19,PFDAVIGRP,22580.0,-0.44,457958340.0,20246.0,-100,,23000.0,22500.0,,,
2026-05-20,PFDAVIGRP,22140.0,-1.95,757866300.0,33728.0,-440,,22620.0,22100.0,,,
2026-05-21,PFDAVIGRP,22040.0,-0.45,630891140.0,28450.0,-100,,22380.0,22020.0,,,
2026-05-22,PFDAVIGRP,22220.0,0.82,1157678180.0,51982.0,180,,22620.0,22060.0,,,
2026-05-25,PFDAVIGRP,23520.0,5.85,1332700520.0,57805.0,1300,,23760.0,22300.0,,,
2026-05-26,PFDAVIGRP,25020.0,6.38,2633444560.0,106257.0,1500,,25080.0,23600.0,,,
2026-05-27,PFDAVIGRP,24240.0,-3.12,5498395020.0,226240.0,-780,,25020.0,23560.0,,,
2026-05-28,PFDAVIGRP,24440.0,0.83,2006377900.0,81859.0,200,,24600.0,23780.0,,,
2026-05-29,PFDAVIGRP,24800.0,1.47,3832164420.0,154554.0,360,,25000.0,24000.0,,,
2026-06-01,PFDAVIGRP,26240.0,5.81,8861996300.0,331811.0,1440,,27100.0,25700.0,,,
2026-06-02,PFDAVIGRP,28000.0,6.71,5814113740.0,215149.0,1760,,28000.0,26260.0,,,
2026-06-03,PFDAVIGRP,26900.0,-3.93,13049131340.0,480923.0,-1100,,28000.0,26840.0,,,
2026-06-04,PFDAVIGRP,26500.0,-1.49,1280879680.0,47716.0,-400,,27100.0,26500.0,,,
2026-06-05,PFDAVIGRP,25360.0,-4.3,1906693520.0,74482.0,-1140,,26700.0,25300.0,,,
2026-06-08,PFDAVIGRP,,,,,,,,,,,
2026-06-09,PFDAVIGRP,25800.0,1.74,3201260740.0,125447.0,440,,25800.0,25360.0,,,
2026-06-10,PFDAVIGRP,25800.0,0,4868358340.0,188702.0,0,,25980.0,25520.0,,,
2026-06-11,PFDAVIGRP,27000.0,4.65,8535569540.0,325977.0,1200,,27380.0,25900.0,,,
2026-06-12,PFDAVIGRP,29660.0,9.85,5684878400.0,198336.0,2660,,30000.0,27300.0,,,
2026-06-15,PFDAVIGRP,,,,,,,,,,,
2026-06-16,PFDAVIGRP,29160.0,-1.69,2750968540.0,94756.0,-500,,29560.0,28600.0,,,
2026-06-17,PFDAVIGRP,29800.0,2.19,1541793080.0,52429.0,640,,29800.0,29160.0,,,
2026-06-18,PFDAVIGRP,30300.0,1.68,5254363900.0,174587.0,500,,31180.0,29780.0,,,
2026-06-19,PFDAVIGRP,31000.0,2.31,7227130580.0,234744.0,700,,31380.0,29020.0,,,
2026-06-22,PFDAVIGRP,31000.0,0,9800995560.0,316386.0,0,,32580.0,30220.0,,,
2026-06-23,PFDAVIGRP,30980.0,-0.06,2374819760.0,78447.0,-20,,30980.0,29020.0,,,
2026-06-24,PFDAVIGRP,29840.0,-3.68,4162994020.0,134662.0,-1140,,31000.0,29840.0,,,
2026-06-25,PFDAVIGRP,30620.0,2.61,6132899980.0,199285.0,780,,31480.0,29120.0,,,
2026-06-26,PFDAVIGRP,31000.0,1.24,686638440.0,22264.0,380,,31000.0,30500.0,,,
2026-06-30,PFDAVIGRP,30540.0,-1.48,1448776660.0,47449.0,-460,,30980.0,30340.0,,,
2026-07-01,PFDAVIGRP,29300.0,-4.06,8244352100.0,275349.0,-1240,,30700.0,29300.0,,,
2026-07-02,PFDAVIGRP,29100.0,-0.68,712643580.0,24450.0,-200,,29280.0,29040.0,,,
2026-07-03,PFDAVIGRP,30220.0,3.85,625843420.0,20848.0,1120,,30380.0,29140.0,,,
2026-07-06,PFDAVIGRP,30200.0,-0.07,1749700860.0,58342.0,-20,,30360.0,29320.0,,,
2026-07-07,PFDAVIGRP,30060.0,-0.46,310956200.0,10377.0,-140,,30360.0,29660.0,,,
2026-07-08,PFDAVIGRP,30500.0,1.46,3426647860.0,115081.0,440,,30500.0,29540.0,,,
2026-07-09,PFDAVIGRP,31140.0,2.1,7205859960.0,230482.0,640,,31940.0,30500.0,,,
2026-07-10,PFDAVIGRP,31900.0,2.44,3507171300.0,112634.0,760,,31900.0,30140.0,,,
2026-07-13,PFDAVIGRP,,,,,,,,,,,
2026-07-14,PFDAVIGRP,31940.0,0.13,2685840520.0,84316.0,40,,32100.0,31200.0,,,
2026-07-15,PFDAVIGRP,31700.0,-0.75,576031320.0,18278.0,-240,,31900.0,31440.0,,,
2026-07-16,PFDAVIGRP,31040.0,-2.08,1165285760.0,37579.0,-660,,31960.0,30020.0,,,
2026-07-17,PFDAVIGRP,31200.0,0.52,577527780.0,18785.0,160,,31200.0,30320.0,,,
2026-07-21,PFDAVIGRP,31700.0,1.6,3006607380.0,97066.0,500,,31700.0,30500.0,-,,
2026-07-22,ECOPETROL,2655.0,0.19,44911208940.0,16640752.0,5,,2740.0,2655.0,-,,
2026-07-22,PFCIBEST,67840.0,0.8,19992960560.0,295372.0,540,,67940.0,67100.0,-,,
2026-07-22,ICOLCAP,22976.0,-0.62,13157621997.0,572345.0,-143,,23117.5,22750.5,-,,
2026-07-22,CIBEST,81160.0,0.59,6343464460.0,77871.0,480,,82600.0,80840.0,-,,
2026-07-22,MINEROS,15520.0,1.44,5631450420.0,359009.0,220,,16000.0,15240.0,-,,
2026-07-22,CORFICOLCF,20080.0,1.31,4779622880.0,239727.0,260,,20180.0,19800.0,-,,
2026-07-22,PFGRUPSURA,44200.0,-0.05,4552024560.0,103113.0,-20,,44380.0,44000.0,-,,
2026-07-22,ISA,29620.0,-2.24,4301085780.0,143353.0,-680,,30380.0,29620.0,-,,
2026-07-22,GRUPOARGOS,17000.0,-,4016214040.0,234117.0,-,,17480.0,16920.0,-,,
2026-07-22,GEB,2970.0,-0.5,3994500535.0,1338773.0,-15,,3000.0,2970.0,-,,
2026-07-22,PFGRUPOARG,12200.0,-1.29,3142725620.0,256232.0,-160,,12380.0,12200.0,-,,
2026-07-22,CEMARGOS,11120.0,-1.07,2713022540.0,242723.0,-120,,11380.0,11120.0,-,,
2026-07-22,GRUPOSURA,54000.0,-1.82,1985914100.0,36419.0,-1000,,54980.0,54000.0,-,,
2026-07-22,PEI,65840.0,-0.18,1035333340.0,15685.0,-120,,66700.0,65800.0,-,,
2026-07-22,PFCORFICOL,18180.0,3.53,1025045900.0,57416.0,620,,18200.0,17500.0,-,,
2026-07-22,PFAVAL,815.0,-0.61,821730990.0,1008643.0,-5,,823.0,812.0,-,,
2026-07-22,PFDAVIGRP,31300.0,-1.26,791299100.0,25264.0,-400,,31700.0,31000.0,-,,
2026-07-22,CELSIA,5170.0,-0.58,748159660.0,144430.0,-30,,5200.0,5160.0,-,,
2026-07-22,BHI,370.0,-,343003510.0,924334.0,-,,372.0,370.0,-,,
2026-07-22,NUTRESA,310260.0,-0.14,334336520.0,1090.0,-420,,311000.0,303000.0,-,,
2026-07-22,BOGOTA,37820.0,-0.16,300548060.0,7943.0,-60,,38460.0,37500.0,-,,
2026-07-22,GXTESCOL,58947.5,-0.43,262198200.0,4448.0,-252.5,,58950.0,58950.0,-,,
2026-07-22,TIN,13960.0,1.45,172710620.0,12453.0,200,,13980.0,13760.0,-,,
2026-07-22,EXITO,4665.0,-2,140472115.0,29985.0,-95,,4760.0,4625.0,-,,
2026-07-22,TERPEL,17980.0,-0.44,116348860.0,6454.0,-80,,18100.0,17940.0,-,,
2026-07-22,GRUBOLIVAR,80100.0,0.5,109078180.0,1362.0,400,,80480.0,79800.0,-,,
2026-07-22,PFDAVVNDA,24220.0,-,108231220.0,4465.0,-,,24480.0,24220.0,-,,
2026-07-22,PROMIGAS,6560.0,0.15,85333880.0,12938.0,10,,6740.0,6540.0,-,,
2026-07-22,ETB,65.0,-7.8,83674058.0,1276150.0,-5.5,,68.0,65.0,-,,
2026-07-22,CONCONCRET,425.0,-0.47,46823400.0,110281.0,-2,,426.0,421.0,-,,
2026-07-22,HCOLSEL,26232.5,-0.13,20900286.5,799.0,-35,,26232.5,26232.5,-,,
2026-07-22,GRUPOAVAL,822.0,-,15506149.0,19320.0,-,,822.0,822.0,-,,
2026-07-22,FABRICATO,4.0,-,11890779.2,3105335.0,-,,4.0,4.0,-,,
2026-07-22,ENKA,19.4,-2.51,10992397.0,575603.0,-0.5,,19.4,19.4,-,,
2026-07-22,BVC,15840.0,-,4608860.0,294.0,-,,15840.0,15840.0,-,,
2026-07-22,PFCEMARGOS,11660.0,-,3302580.0,287.0,-,,11660.0,11660.0,-,,
2026-07-23,ECOPETROL,2605.0,-1.88,81597302120.0,30336764.0,-50,2730.0,2740.0,2605.0,-,ECOPETROL,EQTY
2026-07-23,PFCIBEST,69000.0,1.71,31532746860.0,457178.0,1160,68160.0,69600.0,67600.0,-,Grupo Cibest S.A.,EQTY
2026-07-23,ICOLCAP,22936.0,-0.17,16819917425.5,729694.0,-40,22750.5,23109.0,22750.5,-,FONDO BURSATIL ISHARES COLCAP,EQTY
2026-07-23,CIBEST,83120.0,2.41,10293358720.0,124015.0,1960,81320.0,83560.0,81320.0,-,Grupo Cibest S.A.,EQTY
2026-07-23,PFGRUPOARG,12200.0,-,7875214520.0,645955.0,-,12240.0,12300.0,12120.0,-,GRUPO ARGOS,EQTY
2026-07-23,GEB,2835.0,-4.55,5723929685.0,2015985.0,-135,2880.0,2880.0,2825.0,-,GRUPO ENERGIA BOGOTA,EQTY
2026-07-23,CEMARGOS,10720.0,-3.6,4737519760.0,433326.0,-400,11120.0,11220.0,10720.0,-,CEMENTOS ARGOS,EQTY
2026-07-23,ISA,29200.0,-1.42,4192798780.0,142242.0,-420,29620.0,30080.0,29200.0,-,ISA INTERCONEXION ELECTRICA,EQTY
2026-07-23,PFGRUPSURA,43500.0,-1.58,2601087340.0,59231.0,-700,44260.0,44280.0,43500.0,-,GRUPO SURA,EQTY
2026-07-23,GRUPOARGOS,16160.0,-4.94,2383374540.0,144120.0,-840,17000.0,17100.0,16160.0,-,GRUPO ARGOS,EQTY
2026-07-23,PFAVAL,793.0,-2.7,1745720028.0,2171362.0,-22,814.0,815.0,793.0,-,GRUPO AVAL ACCIONES Y VALORES,EQTY
2026-07-23,CORFICOLCF,19500.0,-2.89,1136320380.0,57427.0,-580,19820.0,20080.0,19500.0,-,CORFICOLOMBIANA,EQTY
2026-07-23,MINEROS,15580.0,0.39,943752220.0,60947.0,60,15320.0,15680.0,15080.0,-,MINEROS,EQTY
2026-07-23,PFDAVIGRP,31300.0,-,861769140.0,27474.0,-,30600.0,31580.0,30600.0,-,Davivienda Group,EQTY
2026-07-23,GRUPOSURA,53000.0,-1.85,692309220.0,12942.0,-1000,54000.0,54160.0,53000.0,-,GRUPO SURA,EQTY
2026-07-23,BHI,380.0,2.7,616083119.0,1651230.0,10,368.0,380.0,368.0,-,BAC HOLDING INTERNATIONAL CORP,EQTY
2026-07-23,CELSIA,5100.0,-1.35,593751700.0,116175.0,-70,5150.0,5150.0,5060.0,-,CELSIA,EQTY
2026-07-23,PEI,64460.0,-2.1,506738180.0,7781.0,-1380,65780.0,65780.0,63520.0,-,PEI,EQTY
2026-07-23,BOGOTA,37440.0,-1,197829180.0,5271.0,-380,37820.0,37820.0,37400.0,-,BANCO DE BOGOTA,EQTY
2026-07-23,GRUBOLIVAR,79580.0,-0.65,190829940.0,2390.0,-520,79980.0,81060.0,79000.0,-,GRUPO BOLIVAR,EQTY
2026-07-23,NUTRESA,312320.0,0.66,180479420.0,581.0,2060,305720.0,313000.0,305700.0,-,GRUPO NUTRESA,EQTY
2026-07-23,TIN,13760.0,-1.43,179403480.0,13027.0,-200,13760.0,13780.0,13720.0,-,TITULARIZADORA COLOMBIANA,EQTY
2026-07-23,EXITO,4530.0,-2.89,161549150.0,35434.0,-135,4635.0,4640.0,4500.0,-,EXITO,EQTY
2026-07-23,PFCORFICOL,17960.0,-1.21,134499640.0,7487.0,-220,18100.0,18100.0,17920.0,-,CORFICOLOMBIANA,EQTY
2026-07-23,PFDAVVNDA,24020.0,-0.83,116196540.0,4822.0,-200,24260.0,24280.0,23720.0,-,BANCO DAVIVIENDA,EQTY
2026-07-23,PROMIGAS,6550.0,-0.15,104134720.0,15898.0,-10,6520.0,6640.0,6520.0,-,PROMIGAS,EQTY
2026-07-23,TERPEL,17880.0,-0.56,90365580.0,5050.0,-100,17980.0,18080.0,17860.0,-,ORGANIZACION TERPEL,EQTY
2026-07-23,CONCONCRET,422.0,-0.71,38812333.0,91031.0,-3,428.0,428.0,422.0,-,CONCONCRETO S.A,EQTY
2026-07-23,GRUPOAVAL,790.0,-3.89,28076093.0,35432.0,-32,790.0,790.0,790.0,-,GRUPO AVAL ACCIONES Y VALORES,EQTY
2026-07-23,ETB,65.0,-,24012674.0,372998.0,-,64.5,65.0,64.5,-,ETB,EQTY
2026-07-23,GXTESCOL,59840.0,1.51,11460627.5,193.0,892.5,59840.0,59840.0,59840.0,-,FONDO BURSATIL GLOBAL X TES COLOMBIA COP GBI-EM ID ETF,EQTY
2026-07-23,ENKA,19.4,-,9411127.4,490201.0,-,19.4,19.4,19.4,-,Enka de Colombia,EQTY
2026-07-23,PFCEMARGOS,11660.0,-,9403080.0,835.0,-,11660.0,11660.0,11660.0,-,CEMENTOS ARGOS,EQTY
2026-07-23,BVC,15840.0,-,5842120.0,381.0,-,15840.0,15840.0,15840.0,-,BOLSA DE VALORES DE COLOMBIA,EQTY
2026-07-23,HCOLSEL,26232.5,-,3548254.0,138.0,-,26232.5,26232.5,26232.5,-,FONDO BURSATIL GLOBAL X COLOMBIA SELECT DE S&P,EQTY
2026-07-24,ECOPETROL,2590.0,"-0,58",37069436520.0,14209170.0,-15.0,2610.0,2640.0,2590.0,-,ECOPETROL,EQTY
2026-07-24,PFCIBEST,69540.0,"0,78",34162544700.0,488410.0,540.0,67980.0,70580.0,67980.0,-,Grupo Cibest S.A.,EQTY
2026-07-24,ICOLCAP,22682.0,"-1,11",19486791689.5,853317.0,-254.0,22935.0,22935.0,22682.0,-,FONDO BURSATIL ISHARES COLCAP,EQTY
2026-07-24,CIBEST,81020.0,"-2,53",4383208440.0,53414.0,-2100.0,81520.0,83100.0,81000.0,-,Grupo Cibest S.A.,EQTY
2026-07-24,GRUPOARGOS,16300.0,"0,87",2816697080.0,172873.0,140.0,16600.0,16600.0,16180.0,-,GRUPO ARGOS,EQTY
2026-07-24,ISA,28740.0,"-1,58",2604016620.0,90314.0,-460.0,29200.0,29200.0,28500.0,-,ISA INTERCONEXION ELECTRICA,EQTY
2026-07-24,PFGRUPSURA,42960.0,"-1,24",2175718740.0,51064.0,-540.0,43400.0,43480.0,42140.0,-,GRUPO SURA,EQTY
2026-07-24,CEMARGOS,10820.0,"0,93",2168627880.0,200994.0,100.0,10800.0,10880.0,10700.0,-,CEMENTOS ARGOS,EQTY
2026-07-24,PFGRUPOARG,12300.0,"0,82",1790388880.0,146787.0,100.0,12100.0,12300.0,12060.0,-,GRUPO ARGOS,EQTY
2026-07-24,GEB,2850.0,"0,53",1477732025.0,520516.0,15.0,2850.0,2860.0,2825.0,-,GRUPO ENERGIA BOGOTA,EQTY
2026-07-24,MINEROS,15900.0,"2,05",1111044140.0,70063.0,320.0,15160.0,16000.0,15160.0,-,MINEROS,EQTY
2026-07-24,PFDAVIGRP,31300.0,"0,0",869159200.0,27760.0,0.0,31400.0,31400.0,31300.0,-,Davivienda Group,EQTY
2026-07-24,CELSIA,4950.0,"-2,94",672560360.0,132588.0,-150.0,5110.0,5120.0,4950.0,-,CELSIA,EQTY
2026-07-24,CORFICOLCF,19000.0,"-2,56",650323840.0,33647.0,-500.0,19500.0,19800.0,19000.0,-,CORFICOLOMBIANA,EQTY
2026-07-24,PEI,64500.0,"0,06",610525640.0,9513.0,40.0,65000.0,65000.0,63020.0,-,PEI,EQTY
2026-07-24,GRUPOSURA,53540.0,"1,02",514868280.0,9656.0,540.0,52840.0,53580.0,52840.0,-,GRUPO SURA,EQTY
2026-07-24,PFAVAL,787.0,"-0,76",493016582.0,621636.0,-6.0,792.0,805.0,787.0,-,GRUPO AVAL ACCIONES Y VALORES,EQTY
2026-07-24,TERPEL,17860.0,"-0,11",287817200.0,16027.0,-20.0,17520.0,18000.0,17520.0,-,ORGANIZACION TERPEL,EQTY
2026-07-24,TIN,13940.0,"1,31",173051500.0,12424.0,180.0,13900.0,13980.0,13900.0,-,TITULARIZADORA COLOMBIANA,EQTY
2026-07-24,PFCORFICOL,17540.0,"-2,34",158829860.0,9023.0,-420.0,17540.0,18000.0,17540.0,-,CORFICOLOMBIANA,EQTY
2026-07-24,BHI,375.0,"-1,32",131262393.0,349186.0,-5.0,377.0,379.0,374.0,-,BAC HOLDING INTERNATIONAL CORP,EQTY
2026-07-24,BOGOTA,37100.0,"-0,91",108774060.0,2922.0,-340.0,37400.0,37780.0,37100.0,-,BANCO DE BOGOTA,EQTY
2026-07-24,EXITO,4550.0,"0,44",97764745.0,21438.0,20.0,4550.0,4600.0,4535.0,-,EXITO,EQTY
2026-07-24,PROMIGAS,6510.0,"-0,61",94101460.0,14416.0,-40.0,6550.0,6550.0,6480.0,-,PROMIGAS,EQTY
2026-07-24,GRUBOLIVAR,79500.0,"-0,1",55438360.0,701.0,-80.0,79020.0,79500.0,79020.0,-,GRUPO BOLIVAR,EQTY
2026-07-24,NUTRESA,312000.0,"-0,1",37121260.0,119.0,-320.0,305000.0,312000.0,305000.0,-,GRUPO NUTRESA,EQTY
2026-07-24,CONCONCRET,425.0,"0,71",36258184.0,86087.0,3.0,419.0,425.0,419.0,-,CONCONCRETO S.A,EQTY
2026-07-24,GRUPOAVAL,799.0,"1,14",32471257.0,41078.0,9.0,780.0,799.0,780.0,-,GRUPO AVAL ACCIONES Y VALORES,EQTY
2026-07-24,PFDAVVNDA,24180.0,"0,67",28923440.0,1216.0,160.0,23240.0,24180.0,23240.0,-,BANCO DAVIVIENDA,EQTY
2026-07-24,GXTESCOL,58400.0,"-2,41",20843192.0,357.0,-1440.0,58400.0,58400.0,58400.0,-,FONDO BURSATIL GLOBAL X TES COLOMBIA COP GBI-EM ID ETF,EQTY
2026-07-24,OCCIDENTE,20500.0,-,16584500.0,809.0,0.0,20500.0,20500.0,20500.0,-,BANCO DE OCCIDENTE,EQTY
2026-07-24,ENKA,19.4,-,10495997.2,548578.0,0.0,19.4,19.4,19.4,-,Enka de Colombia,EQTY
2026-07-24,PFCEMARGOS,11660.0,-,10151540.0,925.0,0.0,11660.0,11660.0,11660.0,-,CEMENTOS ARGOS,EQTY
2026-07-24,BVC,15840.0,-,8272740.0,529.0,0.0,15840.0,15840.0,15840.0,-,BOLSA DE VALORES DE COLOMBIA,EQTY
2026-07-24,ETB,68.5,"5,38",5118928.5,74922.0,3.5,68.5,68.5,68.5,-,ETB,EQTY
2026-07-24,HCOLSEL,26232.5,-,1952361.0,78.0,0.0,26232.5,26232.5,26232.5,-,FONDO BURSATIL GLOBAL X COLOMBIA SELECT DE S&P,EQTY
2026-07-24,POPULAR,135.0,-,135000.0,1000.0,0.0,135.0,135.0,135.0,-,BANCO POPULAR,EQTY
2026-07-27,ECOPETROL,2525.0,"-2,51",77148610495.0,30229733.0,-65.0,2530.0,2580.0,2505.0,-,ECOPETROL,EQTY
2026-07-27,PFCIBEST,70280.0,"1,06",20891760240.0,298628.0,740.0,69540.0,70320.0,69000.0,-,Grupo Cibest S.A.,EQTY
2026-07-27,PFGRUPSURA,42600.0,"-0,84",7903272960.0,186117.0,-360.0,42860.0,42860.0,42300.0,-,GRUPO SURA,EQTY
2026-07-27,CIBEST,83500.0,"3,06",5777367200.0,70395.0,2480.0,81020.0,83500.0,80840.0,-,Grupo Cibest S.A.,EQTY
2026-07-27,PFAVAL,775.0,"-1,52",4144183158.0,5375142.0,-12.0,787.0,787.0,770.0,-,GRUPO AVAL ACCIONES Y VALORES,EQTY
2026-07-27,GRUPOARGOS,16600.0,"1,84",3325339920.0,202530.0,300.0,16700.0,16700.0,16300.0,-,GRUPO ARGOS,EQTY
2026-07-27,PFDAVIGRP,32100.0,"2,56",3018913080.0,94563.0,800.0,31600.0,32100.0,31300.0,-,Davivienda Group,EQTY
2026-07-27,GEB,2800.0,"-1,75",2573833555.0,917853.0,-50.0,2830.0,2850.0,2790.0,-,GRUPO ENERGIA BOGOTA,EQTY
2026-07-27,PFGRUPOARG,12100.0,"-1,63",2141456480.0,176647.0,-200.0,12280.0,12300.0,11900.0,-,GRUPO ARGOS,EQTY
2026-07-27,GRUPOSURA,53480.0,"-0,11",1512921520.0,28428.0,-60.0,53380.0,53700.0,52900.0,-,GRUPO SURA,EQTY
2026-07-27,ISA,28900.0,"0,56",1447945720.0,50061.0,160.0,28840.0,29500.0,28600.0,-,ISA INTERCONEXION ELECTRICA,EQTY
2026-07-27,GXTESCOL,58550.0,"0,26",1282320850.0,21902.0,150.0,58550.0,58550.0,58400.0,-,FONDO BURSATIL GLOBAL X TES COLOMBIA COP GBI-EM ID ETF,EQTY
2026-07-27,MINEROS,15960.0,"0,38",1226877660.0,76682.0,60.0,16000.0,16300.0,15720.0,-,MINEROS,EQTY
2026-07-27,ICOLCAP,22679.0,"-0,01",962461709.0,42437.0,-3.0,23018.5,23018.5,22620.0,-,FONDO BURSATIL ISHARES COLCAP,EQTY
2026-07-27,CEMARGOS,10880.0,"0,55",861760700.0,79134.0,60.0,10860.0,11000.0,10800.0,-,CEMENTOS ARGOS,EQTY
2026-07-27,PEI,62500.0,"-3,1",791234380.0,12560.0,-2000.0,65000.0,65000.0,62500.0,-,PEI,EQTY
2026-07-27,CORFICOLCF,18680.0,"-1,68",544701200.0,28855.0,-320.0,19000.0,19000.0,18680.0,-,CORFICOLOMBIANA,EQTY
2026-07-27,CELSIA,4895.0,"-1,11",342220690.0,68975.0,-55.0,4975.0,5190.0,4880.0,-,CELSIA,EQTY
2026-07-27,EXITO,4550.0,"0,0",185611315.0,40912.0,0.0,4500.0,4600.0,4500.0,-,EXITO,EQTY
2026-07-27,GRUPOAVAL,778.0,"-2,63",139645404.0,179239.0,-21.0,780.0,794.0,755.0,-,GRUPO AVAL ACCIONES Y VALORES,EQTY
2026-07-27,GRUBOLIVAR,78540.0,"-1,21",135357560.0,1721.0,-960.0,79000.0,79000.0,78540.0,-,GRUPO BOLIVAR,EQTY
2026-07-27,NUTRESA,319120.0,"2,28",125324580.0,395.0,7120.0,306720.0,347500.0,306720.0,-,GRUPO NUTRESA,EQTY
2026-07-27,TIN,13920.0,"-0,14",116746980.0,8405.0,-20.0,13820.0,13980.0,13820.0,-,TITULARIZADORA COLOMBIANA,EQTY
2026-07-27,TERPEL,17680.0,"-1,01",99078880.0,5585.0,-180.0,17660.0,17980.0,17500.0,-,ORGANIZACION TERPEL,EQTY
2026-07-27,PFDAVVNDA,23960.0,"-0,91",96288180.0,4020.0,-220.0,23460.0,24280.0,23460.0,-,BANCO DAVIVIENDA,EQTY
2026-07-27,BOGOTA,37540.0,"1,19",94189160.0,2509.0,440.0,37500.0,37600.0,37500.0,-,BANCO DE BOGOTA,EQTY
2026-07-27,PFCORFICOL,17560.0,"0,11",91600520.0,5219.0,20.0,17540.0,17680.0,17500.0,-,CORFICOLOMBIANA,EQTY
2026-07-27,BHI,376.0,"0,27",87444671.0,232731.0,1.0,376.0,377.0,375.0,-,BAC HOLDING INTERNATIONAL CORP,EQTY
2026-07-27,HCOLSEL,25690.0,"-2,07",41923576.0,1632.0,-542.5,25648.0,25690.0,25648.0,-,FONDO BURSATIL GLOBAL X COLOMBIA SELECT DE S&P,EQTY
2026-07-27,CONCONCRET,420.0,"-1,18",37549781.0,89458.0,-5.0,418.0,423.0,418.0,-,CONCONCRETO S.A,EQTY
2026-07-27,PFCEMARGOS,11640.0,"-0,17",26983160.0,2326.0,-20.0,11660.0,11660.0,11640.0,-,CEMENTOS ARGOS,EQTY
2026-07-27,PROMIGAS,6510.0,-,9254160.0,1442.0,0.0,6510.0,6510.0,6510.0,-,PROMIGAS,EQTY
2026-07-27,ETB,68.5,-,6465726.0,99541.0,0.0,68.5,68.5,68.5,-,ETB,EQTY
2026-07-27,BVC,15840.0,-,5342280.0,348.0,0.0,15840.0,15840.0,15840.0,-,BOLSA DE VALORES DE COLOMBIA,EQTY
2026-07-27,ENKA,19.4,-,1449368.4,76602.0,0.0,19.4,19.4,19.4,-,Enka de Colombia,EQTY
2026-07-28,ECOPETROL,2540.0,"0,59",68387714930.0,27332265.0,15.0,2500.0,2545.0,2480.0,-,ECOPETROL,EQTY
2026-07-28,PFCIBEST,71800.0,"2,16",36249681440.0,507296.0,1520.0,71000.0,71900.0,70000.0,-,Grupo Cibest S.A.,EQTY
2026-07-28,ICOLCAP,22885.0,"0,91",17971540813.5,787158.0,206.0,23950.5,23950.5,22500.0,-,FONDO BURSATIL ISHARES COLCAP,EQTY
2026-07-28,PFGRUPSURA,42100.0,"-1,17",6516033940.0,152776.0,-500.0,42760.0,43100.0,42100.0,-,GRUPO SURA,EQTY
2026-07-28,CIBEST,83860.0,"0,43",6392917300.0,76599.0,360.0,83580.0,83860.0,82480.0,-,Grupo Cibest S.A.,EQTY
2026-07-28,GRUPOARGOS,16540.0,"-0,36",6195639100.0,375645.0,-60.0,16600.0,16620.0,16320.0,-,GRUPO ARGOS,EQTY
2026-07-28,PFAVAL,797.0,"2,84",4615797412.0,5964884.0,22.0,768.0,797.0,759.0,-,GRUPO AVAL ACCIONES Y VALORES,EQTY
2026-07-28,PFGRUPOARG,12200.0,"0,83",4525474860.0,373449.0,100.0,12200.0,12200.0,12060.0,-,GRUPO ARGOS,EQTY
2026-07-28,ISA,29680.0,"2,7",3778435360.0,129129.0,780.0,28900.0,29680.0,28620.0,-,ISA INTERCONEXION ELECTRICA,EQTY
2026-07-28,GEB,2800.0,"0,0",2783294030.0,993831.0,0.0,2830.0,2830.0,2790.0,-,GRUPO ENERGIA BOGOTA,EQTY
2026-07-28,CEMARGOS,10720.0,"-1,47",2618892920.0,241920.0,-160.0,10900.0,10980.0,10720.0,-,CEMENTOS ARGOS,EQTY
2026-07-28,PFDAVIGRP,31700.0,"-1,25",1729307740.0,54174.0,-400.0,32100.0,32100.0,31500.0,-,Davivienda Group,EQTY
2026-07-28,GRUPOSURA,53220.0,"-0,49",1683898120.0,31708.0,-260.0,53480.0,53480.0,52800.0,-,GRUPO SURA,EQTY
2026-07-28,GXTESCOL,58800.0,"0,43",1293177800.0,22011.0,250.0,58700.0,59000.0,58700.0,-,FONDO BURSATIL GLOBAL X TES COLOMBIA COP GBI-EM ID ETF,EQTY
2026-07-28,CORFICOLCF,19180.0,"2,68",1068582500.0,55754.0,500.0,18680.0,19560.0,18680.0,-,CORFICOLOMBIANA,EQTY
2026-07-28,PEI,61580.0,"-1,47",808820400.0,12953.0,-920.0,63480.0,63480.0,61480.0,-,PEI,EQTY
2026-07-28,MINEROS,15800.0,"-1,0",538283260.0,34182.0,-160.0,15920.0,15960.0,15500.0,-,MINEROS,EQTY
2026-07-28,PFCORFICOL,17900.0,"1,94",432855240.0,24484.0,340.0,17500.0,17900.0,17300.0,-,CORFICOLOMBIANA,EQTY
2026-07-28,CELSIA,4875.0,"-0,41",369024390.0,76081.0,-20.0,4875.0,4880.0,4825.0,-,CELSIA,EQTY
2026-07-28,BHI,372.0,"-1,06",273431894.0,734155.0,-4.0,375.0,375.0,370.0,-,BAC HOLDING INTERNATIONAL CORP,EQTY
2026-07-28,TERPEL,17680.0,"0,0",163670840.0,9328.0,0.0,17500.0,17900.0,17200.0,-,ORGANIZACION TERPEL,EQTY
2026-07-28,BOGOTA,37480.0,"-0,16",162497860.0,4336.0,-60.0,37480.0,37500.0,37440.0,-,BANCO DE BOGOTA,EQTY
2026-07-28,TIN,13780.0,"-1,01",136587020.0,9900.0,-140.0,13960.0,13960.0,13760.0,-,TITULARIZADORA COLOMBIANA,EQTY
2026-07-28,GRUBOLIVAR,78600.0,"0,08",71314140.0,907.0,60.0,78560.0,78600.0,78500.0,-,GRUPO BOLIVAR,EQTY
2026-07-28,PROMIGAS,6470.0,"-0,61",53284150.0,8206.0,-40.0,6500.0,6500.0,6470.0,-,PROMIGAS,EQTY
2026-07-28,PFDAVVNDA,23980.0,"0,08",45926780.0,1920.0,20.0,23540.0,24080.0,23540.0,-,BANCO DAVIVIENDA,EQTY
2026-07-28,NUTRESA,313900.0,"-1,64",42863500.0,138.0,-5220.0,306500.0,313900.0,306500.0,-,GRUPO NUTRESA,EQTY
2026-07-28,GRUPOAVAL,758.0,"-2,57",39485343.0,51706.0,-20.0,758.0,760.0,758.0,-,GRUPO AVAL ACCIONES Y VALORES,EQTY
2026-07-28,ETB,72.0,"5,11",35437177.0,518566.0,3.5,68.5,72.0,68.5,-,ETB,EQTY
2026-07-28,EXITO,4560.0,"0,22",32545880.0,7136.0,10.0,4550.0,4560.0,4550.0,-,EXITO,EQTY
2026-07-28,BVC,15780.0,"-0,38",22557800.0,1453.0,-60.0,15340.0,15780.0,15220.0,-,BOLSA DE VALORES DE COLOMBIA,EQTY
2026-07-28,OCCIDENTE,20700.0,"0,98",13455000.0,650.0,200.0,20700.0,20700.0,20700.0,-,BANCO DE OCCIDENTE,EQTY
2026-07-28,CONCONCRET,420.0,-,8215282.0,19607.0,0.0,420.0,420.0,420.0,-,CONCONCRETO S.A,EQTY
2026-07-28,HCOLSEL,25280.0,"-1,6",7621994.5,301.0,-410.0,25280.0,25280.0,25280.0,-,FONDO BURSATIL GLOBAL X COLOMBIA SELECT DE S&P,EQTY
2026-07-28,ENKA,19.4,-,2536531.6,134764.0,0.0,19.4,19.4,19.4,-,Enka de Colombia,EQTY
2026-07-28,PFCEMARGOS,11640.0,-,1929040.0,171.0,0.0,11640.0,11640.0,11640.0,-,CEMENTOS ARGOS,EQTY
2026-07-29,ECOPETROL,2620.0,"3,15",79139243880.0,30235575.0,80,2590.0,2645.0,2585.0,-,ECOPETROL,EQTY
2026-07-29,PFCIBEST,71960.0,"0,22",32308324560.0,450624.0,160,71800.0,72760.0,70880.0,-,Grupo Cibest S.A.,EQTY
2026-07-29,PFGRUPOARG,12200.0,-,9624119700.0,788109.0,-,12200.0,12300.0,12120.0,-,GRUPO ARGOS,EQTY
2026-07-29,PFGRUPSURA,42580.0,"1,14",7493763900.0,176371.0,480,43460.0,43460.0,42100.0,-,GRUPO SURA,EQTY
2026-07-29,CIBEST,84000.0,"0,17",6552284880.0,78259.0,140,82100.0,84420.0,82100.0,-,Grupo Cibest S.A.,EQTY
2026-07-29,ISA,28640.0,"-3,5",5290509260.0,182733.0,-1040,28980.0,29700.0,28640.0,-,ISA INTERCONEXION ELECTRICA,EQTY
2026-07-29,ICOLCAP,22994.0,"0,48",4369878529.0,190375.0,109,23020.0,23020.0,22860.0,-,FONDO BURSATIL ISHARES COLCAP,EQTY
2026-07-29,GRUPOARGOS,16480.0,"-0,36",3697518520.0,224281.0,-60,16500.0,16860.0,16400.0,-,GRUPO ARGOS,EQTY
2026-07-29,PEI,63000.0,"2,31",2630393760.0,42342.0,1420,63200.0,63200.0,61800.0,-,PEI,EQTY
2026-07-29,GRUPOSURA,52820.0,"-0,75",1596763880.0,30139.0,-400,53080.0,53080.0,52820.0,-,GRUPO SURA,EQTY
2026-07-29,GEB,2815.0,"0,54",1511637650.0,535313.0,15,2815.0,2835.0,2810.0,-,GRUPO ENERGIA BOGOTA,EQTY
2026-07-29,CORFICOLCF,19800.0,"3,23",1234747460.0,63072.0,620,19400.0,19800.0,19360.0,-,CORFICOLOMBIANA,EQTY
2026-07-29,CEMARGOS,10760.0,"0,37",968567240.0,90006.0,40,10740.0,10780.0,10720.0,-,CEMENTOS ARGOS,EQTY
2026-07-29,PFDAVIGRP,32000.0,"0,95",838088780.0,26410.0,300,31660.0,32000.0,31640.0,-,Davivienda Group,EQTY
2026-07-29,MINEROS,15800.0,-,518636360.0,33147.0,-,15320.0,15880.0,15320.0,-,MINEROS,EQTY
2026-07-29,PFAVAL,793.0,"-0,5",465833134.0,586626.0,-4,800.0,800.0,788.0,-,GRUPO AVAL ACCIONES Y VALORES,EQTY
2026-07-29,CELSIA,4875.0,-,286228815.0,58560.0,-,5040.0,5040.0,4825.0,-,CELSIA,EQTY
2026-07-29,TIN,13480.0,"-2,18",210733320.0,15586.0,-300,13800.0,13800.0,13360.0,-,TITULARIZADORA COLOMBIANA,EQTY
2026-07-29,BOGOTA,37460.0,"-0,05",168133680.0,4488.0,-20,37320.0,37500.0,37300.0,-,BANCO DE BOGOTA,EQTY
2026-07-29,CONCONCRET,417.0,"-0,71",161198206.0,385087.0,-3,415.0,420.0,415.0,-,CONCONCRETO S.A,EQTY
2026-07-29,BHI,366.0,"-1,61",149153688.0,406855.0,-6,366.0,368.0,365.0,-,BAC HOLDING INTERNATIONAL CORP,EQTY
2026-07-29,TERPEL,17680.0,-,97957960.0,5544.0,-,17600.0,17980.0,17460.0,-,ORGANIZACION TERPEL,EQTY
2026-07-29,NUTRESA,313920.0,"0,01",54731980.0,174.0,20,313920.0,313920.0,313920.0,-,GRUPO NUTRESA,EQTY
2026-07-29,EXITO,4530.0,"-0,66",44187405.0,9770.0,-30,4500.0,4530.0,4500.0,-,EXITO,EQTY
2026-07-29,PFCORFICOL,17760.0,"-0,78",44176540.0,2491.0,-140,17800.0,17800.0,17720.0,-,CORFICOLOMBIANA,EQTY
2026-07-29,BVC,15400.0,"-2,41",43467720.0,2832.0,-380,15300.0,15400.0,15300.0,-,BOLSA DE VALORES DE COLOMBIA,EQTY
2026-07-29,PROMIGAS,6500.0,"0,46",42161620.0,6459.0,30,6670.0,6670.0,6500.0,-,PROMIGAS,EQTY
2026-07-29,GRUPOAVAL,790.0,"4,22",34032192.0,43170.0,32,790.0,790.0,790.0,-,GRUPO AVAL ACCIONES Y VALORES,EQTY
2026-07-29,PFDAVVNDA,23580.0,"-1,67",27561940.0,1166.0,-400,23640.0,23640.0,23580.0,-,BANCO DAVIVIENDA,EQTY
2026-07-29,HCOLSEL,25420.0,"0,55",24435655.0,958.0,140,25420.0,25420.0,25420.0,-,FONDO BURSATIL GLOBAL X COLOMBIA SELECT DE S&P,EQTY
2026-07-29,GRUBOLIVAR,78640.0,"0,05",22433700.0,286.0,40,78600.0,78640.0,78600.0,-,GRUPO BOLIVAR,EQTY
2026-07-29,GXTESCOL,58600.0,"-0,34",11492640.0,196.0,-200,58600.0,58600.0,58600.0,-,FONDO BURSATIL GLOBAL X TES COLOMBIA COP GBI-EM ID ETF,EQTY
2026-07-29,ELCONDOR,579.0,"20,63",6664290.0,11510.0,99,579.0,579.0,579.0,-,EL CONDOR,EQTY
2026-07-29,ETB,72.0,-,6516914.5,93052.0,-,72.0,72.0,72.0,-,ETB,EQTY
2026-07-29,PFCEMARGOS,11640.0,-,2874020.0,252.0,-,11640.0,11640.0,11640.0,-,CEMENTOS ARGOS,EQTY
2026-07-29,BBVACOL,200.0,-,1545180.0,7358.0,-,200.0,200.0,200.0,-,BBVA COLOMBIA,EQTY
2026-07-29,ENKA,19.4,-,63637.0,3305.0,-,19.4,19.4,19.4,-,Enka de Colombia,EQTY
2026-07-30,ECOPETROL,2680.0,"2,29",49604158465.0,18948217.0,60,2600.0,2680.0,2590.0,-,ECOPETROL,EQTY
2026-07-30,ICOLCAP,23200.0,"0,9",19210609641.0,831602.0,206,23000.0,23260.0,23000.0,-,FONDO BURSATIL ISHARES COLCAP,EQTY
2026-07-30,PFCIBEST,73000.0,"1,45",18377601040.0,253017.0,1040,72200.0,73000.0,71860.0,-,Grupo Cibest S.A.,EQTY
2026-07-30,ISA,29100.0,"1,61",8621896000.0,297771.0,460,28720.0,29100.0,28600.0,-,ISA INTERCONEXION ELECTRICA,EQTY
2026-07-30,CIBEST,86000.0,"2,38",7562999380.0,88744.0,2000,84000.0,86000.0,84000.0,-,Grupo Cibest S.A.,EQTY
2026-07-30,PFGRUPOARG,12300.0,"0,82",6203907740.0,506987.0,100,12180.0,12300.0,12140.0,-,GRUPO ARGOS,EQTY
2026-07-30,CEMARGOS,10960.0,"1,86",5902876200.0,540337.0,200,10800.0,11020.0,10780.0,-,CEMENTOS ARGOS,EQTY
2026-07-30,GRUPOARGOS,16600.0,"0,73",5261345900.0,319353.0,120,16440.0,16920.0,16300.0,-,GRUPO ARGOS,EQTY
2026-07-30,GEB,2820.0,"0,18",4327181230.0,1537304.0,5,2825.0,2830.0,2805.0,-,GRUPO ENERGIA BOGOTA,EQTY
2026-07-30,PFGRUPSURA,43780.0,"2,82",3504401580.0,80886.0,1200,42680.0,43860.0,42680.0,-,GRUPO SURA,EQTY
2026-07-30,CORFICOLCF,19980.0,"0,91",2581277180.0,129666.0,180,19500.0,20080.0,19500.0,-,CORFICOLOMBIANA,EQTY
2026-07-30,GRUPOSURA,54480.0,"3,14",2327898140.0,43758.0,1660,52820.0,54480.0,52800.0,-,GRUPO SURA,EQTY
2026-07-30,PFDAVIGRP,31800.0,"-0,62",1977108140.0,61857.0,-200,31720.0,32100.0,31500.0,-,Davivienda Group,EQTY
2026-07-30,MINEROS,16040.0,"1,52",1418893120.0,88202.0,240,16080.0,16300.0,15820.0,-,MINEROS,EQTY
2026-07-30,TERPEL,17500.0,"-1,02",1249552940.0,71408.0,-180,17800.0,17800.0,17400.0,-,ORGANIZACION TERPEL,EQTY
2026-07-30,PFCORFICOL,17940.0,"1,01",1043259380.0,58543.0,180,17740.0,18000.0,17700.0,-,CORFICOLOMBIANA,EQTY
2026-07-30,PFAVAL,816.0,"2,9",916351165.0,1134572.0,23,795.0,825.0,789.0,-,GRUPO AVAL ACCIONES Y VALORES,EQTY
2026-07-30,CELSIA,4845.0,"-0,62",665624445.0,137439.0,-30,4850.0,4865.0,4830.0,-,CELSIA,EQTY
2026-07-30,BOGOTA,37500.0,"0,11",608232760.0,16239.0,40,37000.0,37500.0,37000.0,-,BANCO DE BOGOTA,EQTY
2026-07-30,PEI,64080.0,"1,71",436828240.0,6882.0,1080,62320.0,64260.0,62300.0,-,PEI,EQTY
2026-07-30,EXITO,4550.0,"0,44",181835170.0,40113.0,20,4500.0,4585.0,4500.0,-,EXITO,EQTY
2026-07-30,BHI,363.0,"-0,82",179452970.0,492735.0,-3,365.0,365.0,363.0,-,BAC HOLDING INTERNATIONAL CORP,EQTY
2026-07-30,TIN,13480.0,-,149316460.0,11043.0,-,13340.0,13600.0,13340.0,-,TITULARIZADORA COLOMBIANA,EQTY
2026-07-30,PROMIGAS,6510.0,"0,15",111632470.0,17189.0,10,6480.0,6600.0,6320.0,-,PROMIGAS,EQTY
2026-07-30,GRUBOLIVAR,78480.0,"-0,2",90091980.0,1149.0,-160,76780.0,80000.0,76780.0,-,GRUPO BOLIVAR,EQTY
2026-07-30,PROTECCION,80000.0,"2,56",80000000.0,1000.0,2000,80000.0,80000.0,80000.0,-,ADM DE FONDOS Y CES PROTECCION,EQTY
2026-07-30,BVC,16220.0,"5,32",58367480.0,3646.0,820,15900.0,16220.0,15900.0,-,BOLSA DE VALORES DE COLOMBIA,EQTY
2026-07-30,PFDAVVNDA,23680.0,"0,42",53968940.0,2287.0,100,23580.0,23680.0,23500.0,-,BANCO DAVIVIENDA,EQTY
2026-07-30,ETB,70.0,"-2,78",25839715.0,372253.0,-2,70.0,70.0,70.0,-,ETB,EQTY
2026-07-30,CONCONCRET,420.0,"0,72",23482613.0,55805.0,3,424.0,424.0,420.0,-,CONCONCRETO S.A,EQTY
2026-07-30,GRUPOAVAL,791.0,"0,13",19155278.0,24310.0,1,798.0,798.0,791.0,-,GRUPO AVAL ACCIONES Y VALORES,EQTY
2026-07-30,PAZRIO,3.9,-,17550000.0,4500000.0,-,3.9,3.9,3.9,-,ACER. PAZ DEL RIO,EQTY
2026-07-30,NUTRESA,310000.0,"-1,25",16863540.0,54.0,-3920,310000.0,310000.0,310000.0,-,GRUPO NUTRESA,EQTY
2026-07-30,HCOLSEL,25500.0,"0,31",12733205.5,499.0,80,25516.5,25516.5,25500.0,-,FONDO BURSATIL GLOBAL X COLOMBIA SELECT DE S&P,EQTY
2026-07-30,GXTESCOL,59000.0,"0,68",8155600.0,138.0,400,59200.0,59200.0,59000.0,-,FONDO BURSATIL GLOBAL X TES COLOMBIA COP GBI-EM ID ETF,EQTY
2026-07-30,ENKA,19.4,-,258268.8,13408.0,-,19.4,19.4,19.4,-,Enka de Colombia,EQTY
2026-07-30,PFCEMARGOS,11640.0,-,169380.0,15.0,-,11640.0,11640.0,11640.0,-,CEMENTOS ARGOS,EQTY
2026-08-03,ECOPETROL,2685.0,"0,37",44030389230.0,16512606.0,10,2660.0,2695.0,2620.0,-,ECOPETROL,EQTY
2026-08-03,PFCIBEST,73980.0,"-0,7",13975972820.0,189745.0,-520,74500.0,74500.0,73020.0,-,Grupo Cibest S.A.,EQTY
2026-08-03,ICOLCAP,23535.0,"0,16",12103984080.5,516097.0,37,23440.0,23535.0,23400.0,-,FONDO BURSATIL ISHARES COLCAP,EQTY
2026-08-03,GEB,2915.0,"1,75",9846537795.0,3396992.0,50,2900.0,2920.0,2850.0,-,GRUPO ENERGIA BOGOTA,EQTY
2026-08-03,ISA,29800.0,"-0,33",4397232240.0,147198.0,-100,29900.0,29900.0,29640.0,-,ISA INTERCONEXION ELECTRICA,EQTY
2026-08-03,PFGRUPSURA,45760.0,"2,37",4145648240.0,92243.0,1060,44600.0,45760.0,44140.0,-,GRUPO SURA,EQTY
2026-08-03,CEMARGOS,11000.0,"-0,18",3425482080.0,312093.0,-20,10980.0,11020.0,10920.0,-,CEMENTOS ARGOS,EQTY
2026-08-03,CIBEST,87600.0,"-2,04",3172912240.0,35988.0,-1820,88000.0,88960.0,87500.0,-,Grupo Cibest S.A.,EQTY
2026-08-03,PFGRUPOARG,12900.0,"0,16",3110812340.0,240952.0,20,12880.0,13080.0,12720.0,-,GRUPO ARGOS,EQTY
2026-08-03,GRUPOSURA,55000.0,"0,07",2056821320.0,37416.0,40,54800.0,55000.0,54640.0,-,GRUPO SURA,EQTY
2026-08-03,GRUPOARGOS,16760.0,"-0,83",1441994020.0,85880.0,-140,16800.0,16900.0,16540.0,-,GRUPO ARGOS,EQTY
2026-08-03,PFAVAL,842.0,"-0,24",1421342351.0,1688164.0,-2,844.0,847.0,829.0,-,GRUPO AVAL ACCIONES Y VALORES,EQTY
2026-08-03,GXTESCOL,59750.0,"0,93",995465250.0,16704.0,550,59900.0,59900.0,59550.0,-,FONDO BURSATIL GLOBAL X TES COLOMBIA COP GBI-EM ID ETF,EQTY
2026-08-03,CORFICOLCF,20500.0,-,754149340.0,37024.0,-,20020.0,20580.0,20000.0,-,CORFICOLOMBIANA,EQTY
2026-08-03,MINEROS,15940.0,-,605263220.0,37929.0,-,16000.0,16080.0,15820.0,-,MINEROS,EQTY
2026-08-03,PEI,65560.0,"0,12",597278160.0,9127.0,80,65500.0,66000.0,64740.0,-,PEI,EQTY
2026-08-03,BOGOTA,38800.0,"0,21",496012780.0,12803.0,80,37900.0,38800.0,37900.0,-,BANCO DE BOGOTA,EQTY
2026-08-03,PFDAVIGRP,32380.0,"0,87",488968900.0,15150.0,280,32200.0,32500.0,31900.0,-,Davivienda Group,EQTY
2026-08-03,CELSIA,4950.0,"-1,2",461320340.0,92742.0,-60,4905.0,5100.0,4905.0,-,CELSIA,EQTY
2026-08-03,BHI,369.0,"2,5",454926177.0,1244648.0,9,361.0,370.0,361.0,-,BAC HOLDING INTERNATIONAL CORP,EQTY
2026-08-03,EXITO,4710.0,"0,11",257252115.0,55271.0,5,4585.0,4780.0,4585.0,-,EXITO,EQTY
2026-08-03,PROMIGAS,6610.0,"-0,45",250208230.0,37259.0,-30,6860.0,6860.0,6610.0,-,PROMIGAS,EQTY
2026-08-03,TIN,13400.0,"-0,74",188832260.0,14073.0,-100,13420.0,13440.0,13380.0,-,TITULARIZADORA COLOMBIANA,EQTY
2026-08-03,CONCONCRET,421.0,"-1,17",172721552.0,409168.0,-5,423.0,425.0,420.0,-,CONCONCRETO S.A,EQTY
2026-08-03,TERPEL,17840.0,"0,45",152333560.0,8539.0,80,17740.0,17960.0,17740.0,-,ORGANIZACION TERPEL,EQTY
2026-08-03,GRUBOLIVAR,79320.0,"-0,85",146187260.0,1829.0,-680,80040.0,81920.0,79120.0,-,GRUPO BOLIVAR,EQTY
2026-08-03,NUTRESA,313980.0,"-0,01",140583500.0,448.0,-20,313980.0,313980.0,313980.0,-,GRUPO NUTRESA,EQTY
2026-08-03,PFDAVVNDA,24120.0,"0,33",119072000.0,4935.0,80,24080.0,24500.0,24000.0,-,BANCO DAVIVIENDA,EQTY
2026-08-03,BVC,16120.0,"-0,62",111255580.0,6955.0,-100,15420.0,16200.0,15420.0,-,BOLSA DE VALORES DE COLOMBIA,EQTY
2026-08-03,GRUPOAVAL,823.0,"1,73",66296111.0,80566.0,14,819.0,829.0,819.0,-,GRUPO AVAL ACCIONES Y VALORES,EQTY
2026-08-03,PFCORFICOL,17940.0,"-1,32",33121640.0,1834.0,-240,18180.0,18180.0,17940.0,-,CORFICOLOMBIANA,EQTY
2026-08-03,ETB,75.0,"6,38",30321756.5,406850.0,"4,5",75.0,75.0,75.0,-,ETB,EQTY
2026-08-03,FABRICATO,3.9,"-2,5",20275294.95,5199995.0,"-0,1",3.9,3.9,3.9,-,FABRICATO,EQTY
2026-08-03,HCOLSEL,26222.5,"0,09",14305605.0,544.0,"22,5",26222.5,26222.5,26222.5,-,FONDO BURSATIL GLOBAL X COLOMBIA SELECT DE S&P,EQTY
2026-08-03,PFCEMARGOS,11640.0,-,11113140.0,1016.0,-,11640.0,11640.0,11640.0,-,CEMENTOS ARGOS,EQTY
2026-08-03,ENKA,19.4,-,1099317.8,57699.0,-,19.4,19.4,19.4,-,Enka de Colombia,EQTY
2026-08-04,ECOPETROL,2630.0,"-2,05",118498003995.0,45539536.0,-55,2665.0,2665.0,2580.0,-,ECOPETROL,EQTY
2026-08-04,PFCIBEST,72340.0,"-2,22",21469826660.0,296107.0,-1640,73100.0,73980.0,71600.0,-,Grupo Cibest S.A.,EQTY
2026-08-04,CIBEST,88980.0,"1,58",8479697200.0,95510.0,1380,86860.0,89580.0,86860.0,-,Grupo Cibest S.A.,EQTY
2026-08-04,ISA,30600.0,"2,68",7688278840.0,255928.0,800,29340.0,30600.0,29340.0,-,ISA INTERCONEXION ELECTRICA,EQTY
2026-08-04,ICOLCAP,23366.0,"-0,72",7079810372.0,303022.0,-169,24000.0,24000.0,23330.0,-,FONDO BURSATIL ISHARES COLCAP,EQTY
2026-08-04,GXTESCOL,59480.0,"-0,45",5957515050.0,100159.0,-270,59480.0,59480.0,59480.0,-,FONDO BURSATIL GLOBAL X TES COLOMBIA COP GBI-EM ID ETF,EQTY
2026-08-04,PFGRUPOARG,12960.0,"0,47",5566121520.0,431161.0,60,12900.0,13020.0,12760.0,-,GRUPO ARGOS,EQTY
2026-08-04,PFDAVIGRP,31900.0,"-1,48",3711722520.0,116343.0,-480,31900.0,32200.0,31800.0,-,Davivienda Group,EQTY
2026-08-04,GRUPOARGOS,16800.0,"0,24",2744487160.0,164791.0,40,16800.0,16800.0,16460.0,-,GRUPO ARGOS,EQTY
2026-08-04,PFGRUPSURA,45000.0,"-1,66",2684621040.0,59254.0,-760,45700.0,45760.0,45000.0,-,GRUPO SURA,EQTY
2026-08-04,CEMARGOS,10860.0,"-1,27",2383724140.0,217751.0,-140,11000.0,11100.0,10800.0,-,CEMENTOS ARGOS,EQTY
2026-08-04,PFAVAL,844.0,"0,24",2246794942.0,2679249.0,2,833.0,844.0,833.0,-,GRUPO AVAL ACCIONES Y VALORES,EQTY
2026-08-04,CORFICOLCF,20520.0,"0,1",2104544140.0,101706.0,20,20100.0,20900.0,20100.0,-,CORFICOLOMBIANA,EQTY
2026-08-04,GEB,2905.0,"-0,34",1512875315.0,521195.0,-10,2915.0,2915.0,2895.0,-,GRUPO ENERGIA BOGOTA,EQTY
2026-08-04,PEI,66560.0,"1,53",1275471380.0,19228.0,1000,66000.0,66580.0,65000.0,-,PEI,EQTY
2026-08-04,GRUPOSURA,54320.0,"-1,24",1161462000.0,21257.0,-680,55000.0,55000.0,54320.0,-,GRUPO SURA,EQTY
2026-08-04,BOGOTA,38800.0,-,819831480.0,21152.0,-,38800.0,39000.0,38400.0,-,BANCO DE BOGOTA,EQTY
2026-08-04,MINEROS,16160.0,"1,38",611267200.0,37851.0,220,16100.0,16280.0,16000.0,-,MINEROS,EQTY
2026-08-04,CELSIA,4945.0,"-0,1",592070350.0,119533.0,-5,5020.0,5020.0,4905.0,-,CELSIA,EQTY
2026-08-04,PFCORFICOL,18180.0,"1,34",336348340.0,18520.0,240,17980.0,18200.0,17980.0,-,CORFICOLOMBIANA,EQTY
2026-08-04,TERPEL,18120.0,"1,57",241014320.0,13356.0,280,18000.0,18120.0,17800.0,-,ORGANIZACION TERPEL,EQTY
2026-08-04,EXITO,4800.0,"1,91",233009845.0,48575.0,90,4800.0,4820.0,4750.0,-,EXITO,EQTY
2026-08-04,PROMIGAS,6600.0,"-0,15",172666350.0,26136.0,-10,6620.0,6620.0,6570.0,-,PROMIGAS,EQTY
2026-08-04,NUTRESA,313880.0,"-0,03",142006900.0,456.0,-100,300000.0,313980.0,300000.0,-,GRUPO NUTRESA,EQTY
2026-08-04,BHI,369.0,-,140246196.0,380514.0,-,368.0,370.0,368.0,-,BAC HOLDING INTERNATIONAL CORP,EQTY
2026-08-04,TIN,13480.0,"0,6",90982040.0,6748.0,80,13500.0,13500.0,13400.0,-,TITULARIZADORA COLOMBIANA,EQTY
2026-08-04,PFCEMARGOS,11000.0,"-5,5",87783540.0,8041.0,-640,10500.0,11480.0,10500.0,-,CEMENTOS ARGOS,EQTY
2026-08-04,CONCONCRET,421.0,-,73590764.0,174788.0,-,420.0,424.0,419.0,-,CONCONCRETO S.A,EQTY
2026-08-04,GRUPOAVAL,820.0,"-0,36",72740213.0,88754.0,-3,823.0,823.0,819.0,-,GRUPO AVAL ACCIONES Y VALORES,EQTY
2026-08-04,GRUBOLIVAR,79520.0,"0,25",69729720.0,877.0,200,80600.0,80600.0,79100.0,-,GRUPO BOLIVAR,EQTY
2026-08-04,BVC,15840.0,"-1,74",48601220.0,3053.0,-280,15840.0,15840.0,15840.0,-,BOLSA DE VALORES DE COLOMBIA,EQTY
2026-08-04,PFDAVVNDA,24460.0,"1,41",43953000.0,1815.0,340,23840.0,24460.0,23840.0,-,BANCO DAVIVIENDA,EQTY
2026-08-04,HCOLSEL,26222.5,-,6975614.5,263.0,-,26222.5,26222.5,26222.5,-,FONDO BURSATIL GLOBAL X COLOMBIA SELECT DE S&P,EQTY
2026-08-04,ETB,75.0,-,4207055.0,54679.0,-,75.0,75.0,75.0,-,ETB,EQTY
2026-08-04,ENKA,19.4,-,2749669.6,145543.0,-,19.4,19.4,19.4,-,Enka de Colombia,EQTY
2026-08-05,ECOPETROL,2595.0,"-1,33",82090918680.0,31140989.0,-35,2655.0,2680.0,2590.0,-,ECOPETROL,EQTY
2026-08-05,PFCIBEST,72000.0,"-0,47",17351969980.0,239874.0,-340,72340.0,73140.0,71520.0,-,Grupo Cibest S.A.,EQTY
2026-08-05,PFGRUPOARG,13100.0,"1,08",16662114920.0,1264022.0,140,12920.0,13400.0,12820.0,-,GRUPO ARGOS,EQTY
2026-08-05,ICOLCAP,23439.0,"0,31",10758209066.5,458185.0,73,23350.0,23630.0,23330.0,-,FONDO BURSATIL ISHARES COLCAP,EQTY
2026-08-05,GRUPOARGOS,16420.0,"-2,26",9542986920.0,577675.0,-380,16800.0,16860.0,16400.0,-,GRUPO ARGOS,EQTY
2026-08-05,CIBEST,85280.0,"-4,16",8674003620.0,99141.0,-3700,88000.0,89960.0,85280.0,-,Grupo Cibest S.A.,EQTY
2026-08-05,PFAVAL,830.0,"-1,66",7259574696.0,8544703.0,-14,839.0,860.0,830.0,-,GRUPO AVAL ACCIONES Y VALORES,EQTY
2026-08-05,MINEROS,17000.0,"5,2",5174503740.0,307471.0,840,16500.0,17000.0,16500.0,-,MINEROS,EQTY
2026-08-05,CEMARGOS,11040.0,"1,66",4342564240.0,397197.0,180,10860.0,11040.0,10820.0,-,CEMENTOS ARGOS,EQTY
2026-08-05,PFGRUPSURA,44600.0,"-0,89",3466071860.0,77439.0,-400,45000.0,45100.0,44520.0,-,GRUPO SURA,EQTY
2026-08-05,PEI,67700.0,"1,71",2843161760.0,42178.0,1140,66500.0,67700.0,66000.0,-,PEI,EQTY
2026-08-05,ISA,29500.0,"-3,59",2646351720.0,88629.0,-1100,30160.0,30580.0,29500.0,-,ISA INTERCONEXION ELECTRICA,EQTY
2026-08-05,CORFICOLCF,20400.0,"-0,58",2329153120.0,111775.0,-120,20480.0,21200.0,20360.0,-,CORFICOLOMBIANA,EQTY
2026-08-05,GEB,2915.0,"0,34",1831065220.0,628735.0,10,2900.0,2920.0,2885.0,-,GRUPO ENERGIA BOGOTA,EQTY
2026-08-05,EXITO,4755.0,"-0,94",1662402415.0,348668.0,-45,4760.0,4820.0,4745.0,-,EXITO,EQTY
2026-08-05,GRUPOSURA,54300.0,"-0,04",1589540880.0,29068.0,-20,53580.0,55000.0,53580.0,-,GRUPO SURA,EQTY
2026-08-05,PFDAVIGRP,31820.0,"-0,25",1069952900.0,33598.0,-80,31800.0,32100.0,31800.0,-,Davivienda Group,EQTY
2026-08-05,CELSIA,4930.0,"-0,3",724964815.0,146946.0,-15,4925.0,4950.0,4920.0,-,CELSIA,EQTY
2026-08-05,PFCORFICOL,18300.0,"0,66",386532560.0,21189.0,120,18000.0,18400.0,18000.0,-,CORFICOLOMBIANA,EQTY
2026-08-05,BOGOTA,38720.0,"-0,21",314944200.0,8121.0,-80,38800.0,38800.0,38680.0,-,BANCO DE BOGOTA,EQTY
2026-08-05,GRUBOLIVAR,78940.0,"-0,73",258121800.0,3264.0,-580,79120.0,79240.0,78800.0,-,GRUPO BOLIVAR,EQTY
2026-08-05,TIN,13500.0,"0,15",244309300.0,18104.0,20,13500.0,13500.0,13460.0,-,TITULARIZADORA COLOMBIANA,EQTY
2026-08-05,BHI,372.0,"0,81",148518520.0,398903.0,3,370.0,374.0,370.0,-,BAC HOLDING INTERNATIONAL CORP,EQTY
2026-08-05,CONCONCRET,419.0,"-0,48",145978420.0,347129.0,-2,422.0,425.0,419.0,-,CONCONCRETO S.A,EQTY
2026-08-05,TERPEL,18040.0,"-0,44",139427460.0,7743.0,-80,18000.0,18100.0,17940.0,-,ORGANIZACION TERPEL,EQTY
2026-08-05,PROMIGAS,6610.0,"0,15",124000490.0,18744.0,10,6600.0,6700.0,6600.0,-,PROMIGAS,EQTY
2026-08-05,GRUPOAVAL,831.0,"1,34",66808712.0,80407.0,11,813.0,836.0,813.0,-,GRUPO AVAL ACCIONES Y VALORES,EQTY
2026-08-05,PFDAVVNDA,24500.0,"0,16",35712040.0,1474.0,40,23820.0,24500.0,23820.0,-,BANCO DAVIVIENDA,EQTY
2026-08-05,BVC,15580.0,"-1,64",33979180.0,2157.0,-260,15560.0,15840.0,15560.0,-,BOLSA DE VALORES DE COLOMBIA,EQTY
2026-08-05,PFCEMARGOS,11400.0,"3,64",20583780.0,1808.0,400,11420.0,11420.0,11400.0,-,CEMENTOS ARGOS,EQTY
2026-08-05,NUTRESA,313980.0,"0,03",15664780.0,50.0,100,313980.0,313980.0,313980.0,-,GRUPO NUTRESA,EQTY
2026-08-05,OCCIDENTE,21000.0,"1,45",13650000.0,650.0,300,21000.0,21000.0,21000.0,-,BANCO DE OCCIDENTE,EQTY
2026-08-05,FABRICATO,3.65,"-6,41",11460645.5,3150000.0,"-0,25",3.65,3.65,3.65,-,FABRICATO,EQTY
2026-08-05,ETB,75.0,-,9611879.0,128974.0,-,75.0,75.0,75.0,-,ETB,EQTY
2026-08-05,GXTESCOL,59480.0,-,1965250.0,33.0,-,59480.0,59480.0,59480.0,-,FONDO BURSATIL GLOBAL X TES COLOMBIA COP GBI-EM ID ETF,EQTY
2026-08-05,HCOLSEL,26222.5,-,1752496.5,66.0,-,26222.5,26222.5,26222.5,-,FONDO BURSATIL GLOBAL X COLOMBIA SELECT DE S&P,EQTY
2026-08-05,ENKA,19.4,-,254282.5,13745.0,-,19.4,19.4,19.4,-,Enka de Colombia,EQTY
2026-08-06,ECOPETROL,2770.0,"6,74",100790768690.0,37219890.0,175,2645.0,2770.0,2630.0,-,ECOPETROL,EQTY
2026-08-06,PFGRUPOARG,13800.0,"5,34",16336896560.0,1186225.0,700,13500.0,13960.0,13500.0,-,GRUPO ARGOS,EQTY
2026-08-06,PFCIBEST,71100.0,"-1,25",16205446380.0,226049.0,-900,71500.0,72860.0,71020.0,-,Grupo Cibest S.A.,EQTY
2026-08-06,GRUPOARGOS,17400.0,"5,97",13940789680.0,812834.0,980,17000.0,17400.0,16900.0,-,GRUPO ARGOS,EQTY
2026-08-06,CIBEST,83520.0,"-2,06",7055983360.0,82864.0,-1760,86000.0,86880.0,83000.0,-,Grupo Cibest S.A.,EQTY
2026-08-06,CEMARGOS,10900.0,"-1,27",4943010560.0,450071.0,-140,11020.0,11200.0,10900.0,-,CEMENTOS ARGOS,EQTY
2026-08-06,ISA,29500.0,-,4356525120.0,147088.0,-,30000.0,30100.0,29500.0,-,ISA INTERCONEXION ELECTRICA,EQTY
2026-08-06,ICOLCAP,23302.0,"-0,58",3250729743.0,139238.0,-137,23439.0,23439.0,23300.0,-,FONDO BURSATIL ISHARES COLCAP,EQTY
2026-08-06,MINEROS,16840.0,"-0,94",3244872720.0,190239.0,-160,17000.0,17340.0,16620.0,-,MINEROS,EQTY
2026-08-06,PFGRUPSURA,44240.0,"-0,81",2704273420.0,60724.0,-360,44600.0,44880.0,44020.0,-,GRUPO SURA,EQTY
2026-08-06,GEB,2890.0,"-0,86",2472280140.0,851568.0,-25,2920.0,2920.0,2880.0,-,GRUPO ENERGIA BOGOTA,EQTY
2026-08-06,CELSIA,4995.0,"1,32",1746039060.0,348249.0,65,4990.0,5050.0,4990.0,-,CELSIA,EQTY
2026-08-06,CORFICOLCF,20800.0,"1,96",1542288040.0,73987.0,400,20900.0,20960.0,20540.0,-,CORFICOLOMBIANA,EQTY
2026-08-06,GRUPOSURA,53600.0,"-1,29",988123440.0,18353.0,-700,54020.0,54340.0,53540.0,-,GRUPO SURA,EQTY
2026-08-06,PFCORFICOL,18480.0,"0,98",934499840.0,50754.0,180,18380.0,18500.0,18320.0,-,CORFICOLOMBIANA,EQTY
2026-08-06,PEI,67640.0,"-0,09",730823640.0,10888.0,-60,67000.0,67700.0,66000.0,-,PEI,EQTY
2026-08-06,PFAVAL,825.0,"-0,6",694657881.0,837666.0,-5,836.0,837.0,815.0,-,GRUPO AVAL ACCIONES Y VALORES,EQTY
2026-08-06,BOGOTA,38900.0,"0,46",512601760.0,13209.0,180,38800.0,39380.0,38580.0,-,BANCO DE BOGOTA,EQTY
2026-08-06,PFDAVIGRP,32000.0,"0,57",483811420.0,15100.0,180,31800.0,32400.0,31800.0,-,Davivienda Group,EQTY
2026-08-06,PROMIGAS,6610.0,-,466297280.0,70845.0,-,6600.0,6700.0,6540.0,-,PROMIGAS,EQTY
2026-08-06,GRUBOLIVAR,79860.0,"1,17",404585520.0,5072.0,920,80220.0,80220.0,78940.0,-,GRUPO BOLIVAR,EQTY
2026-08-06,EXITO,4765.0,"0,21",254539760.0,53553.0,10,4780.0,4780.0,4705.0,-,EXITO,EQTY
2026-08-06,BHI,371.0,"-0,27",195451816.0,527914.0,-1,368.0,371.0,368.0,-,BAC HOLDING INTERNATIONAL CORP,EQTY
2026-08-06,TIN,13480.0,"-0,15",147618680.0,10954.0,-20,13500.0,13500.0,13400.0,-,TITULARIZADORA COLOMBIANA,EQTY
2026-08-06,NUTRESA,313700.0,"-0,09",145797600.0,465.0,-280,308020.0,313980.0,308020.0,-,GRUPO NUTRESA,EQTY
2026-08-06,TERPEL,17960.0,"-0,44",129981740.0,7240.0,-80,18100.0,18100.0,17820.0,-,ORGANIZACION TERPEL,EQTY
2026-08-06,GXTESCOL,59600.0,"0,2",84384200.0,1416.0,120,59500.0,59600.0,59500.0,-,FONDO BURSATIL GLOBAL X TES COLOMBIA COP GBI-EM ID ETF,EQTY
2026-08-06,GRUPOAVAL,832.0,"0,12",74876739.0,90037.0,1,829.0,839.0,829.0,-,GRUPO AVAL ACCIONES Y VALORES,EQTY
2026-08-06,PFDAVVNDA,24600.0,"0,41",53268960.0,2178.0,100,24040.0,24600.0,24040.0,-,BANCO DAVIVIENDA,EQTY
2026-08-06,CONCONCRET,422.0,"0,72",50814159.0,120627.0,3,424.0,424.0,418.0,-,CONCONCRETO S.A,EQTY
2026-08-06,BVC,15800.0,"1,41",50518180.0,3181.0,220,16140.0,16140.0,15800.0,-,BOLSA DE VALORES DE COLOMBIA,EQTY
2026-08-06,FABRICATO,3.65,-,43687115.55,11979866.0,-,3.65,3.65,3.65,-,FABRICATO,EQTY
2026-08-06,BBVACOL,210.0,5,21000000.0,100000.0,10,210.0,210.0,210.0,-,BBVA COLOMBIA,EQTY
2026-08-06,PFCEMARGOS,11400.0,-,18593060.0,1631.0,-,11400.0,11400.0,11400.0,-,CEMENTOS ARGOS,EQTY
2026-08-06,ENKA,19.4,-,10924112.8,586679.0,-,19.4,19.4,19.4,-,Enka de Colombia,EQTY
2026-08-06,ETB,75.0,-,6630816.5,89513.0,-,75.0,75.0,75.0,-,ETB,EQTY
2026-08-06,HCOLSEL,26222.5,-,4498608.5,171.0,-,26222.5,26222.5,26222.5,-,FONDO BURSATIL GLOBAL X COLOMBIA SELECT DE S&P,EQTY
2026-08-10,GRUPOARGOS,18780.0,"7,93",7681221540.0,423023.0,1380,17400.0,18900.0,17280.0,-,GRUPO ARGOS,EQTY
2026-08-10,PFGRUPOARG,14700.0,"6,52",21926587740.0,1506271.0,900,13860.0,14720.0,13840.0,-,GRUPO ARGOS,EQTY
2026-08-10,CIBEST,86340.0,"3,38",13958720040.0,165165.0,2820,83440.0,86980.0,82820.0,-,Grupo Cibest S.A.,EQTY
2026-08-10,PFCEMARGOS,11780.0,"3,33",45465940.0,3885.0,380,11780.0,11780.0,11780.0,-,CEMENTOS ARGOS,EQTY
2026-08-10,CORFICOLCF,21220.0,"2,02",377116340.0,17834.0,420,21000.0,21300.0,21000.0,-,CORFICOLOMBIANA,EQTY
2026-08-10,PFCIBEST,72200.0,"1,55",31052273980.0,433880.0,1100,71060.0,72340.0,70480.0,-,Grupo Cibest S.A.,EQTY
2026-08-10,MINEROS,17060.0,"1,31",2359454500.0,140087.0,220,17300.0,17300.0,16540.0,-,MINEROS,EQTY
2026-08-10,GXTESCOL,60250.0,"1,09",48670747.0,811.0,650,60000.0,60250.0,60000.0,-,FONDO BURSATIL GLOBAL X TES COLOMBIA COP GBI-EM ID ETF,EQTY
2026-08-10,ICOLCAP,23504.0,"0,87",2885213952.0,123860.0,202,23504.0,23999.5,22937.0,-,FONDO BURSATIL ISHARES COLCAP,EQTY
2026-08-10,BHI,374.0,"0,81",65109410.0,174287.0,3,370.0,375.0,370.0,-,BAC HOLDING INTERNATIONAL CORP,EQTY
2026-08-10,GRUPOSURA,54000.0,"0,75",2411664500.0,44790.0,400,53260.0,54700.0,53260.0,-,GRUPO SURA,EQTY
2026-08-10,BOGOTA,39000.0,"0,26",309664640.0,7930.0,100,39000.0,39900.0,38800.0,-,BANCO DE BOGOTA,EQTY
2026-08-10,CONCONCRET,423.0,"0,24",79621829.0,188000.0,1,423.0,424.0,423.0,-,CONCONCRETO S.A,EQTY
2026-08-10,TIN,13500.0,"0,15",149014000.0,11046.0,20,13400.0,13500.0,13400.0,-,TITULARIZADORA COLOMBIANA,EQTY
2026-08-10,PFAVAL,826.0,"0,12",171152649.0,206619.0,1,818.0,840.0,816.0,-,GRUPO AVAL ACCIONES Y VALORES,EQTY
2026-08-10,NUTRESA,313980.0,"0,09",14185740.0,46.0,280,313980.0,313980.0,313980.0,-,GRUPO NUTRESA,EQTY
2026-08-10,PFGRUPSURA,44120.0,"-0,27",1732003020.0,39347.0,-120,44340.0,44400.0,43500.0,-,GRUPO SURA,EQTY
2026-08-10,HCOLSEL,26131.5,"-0,35",10719144.0,409.0,-91,26131.5,26131.5,26131.5,-,FONDO BURSATIL GLOBAL X COLOMBIA SELECT DE S&P,EQTY
2026-08-10,PFCORFICOL,18380.0,"-0,54",186321940.0,10107.0,-100,18300.0,18540.0,18300.0,-,CORFICOLOMBIANA,EQTY
2026-08-10,TERPEL,17840.0,"-0,67",85275580.0,4778.0,-120,17960.0,17960.0,17700.0,-,ORGANIZACION TERPEL,EQTY
2026-08-10,GRUBOLIVAR,79220.0,"-0,8",270089860.0,3407.0,-640,79000.0,80960.0,79000.0,-,GRUPO BOLIVAR,EQTY
2026-08-10,ISA,29260.0,"-0,81",5587071400.0,191235.0,-240,29400.0,29880.0,29000.0,-,ISA INTERCONEXION ELECTRICA,EQTY
2026-08-10,GEB,2865.0,"-0,87",2293389345.0,800377.0,-25,2875.0,2910.0,2840.0,-,GRUPO ENERGIA BOGOTA,EQTY
2026-08-10,PEI,67000.0,"-0,95",993639600.0,14730.0,-640,67000.0,68400.0,66520.0,-,PEI,EQTY
2026-08-10,GRUPOAVAL,822.0,"-1,2",43165161.0,53057.0,-10,805.0,822.0,805.0,-,GRUPO AVAL ACCIONES Y VALORES,EQTY
2026-08-10,BVC,15520.0,"-1,77",17816200.0,1136.0,-280,15520.0,15520.0,15520.0,-,BOLSA DE VALORES DE COLOMBIA,EQTY
2026-08-10,EXITO,4655.0,"-2,31",308145055.0,65319.0,-110,4845.0,4845.0,4575.0,-,EXITO,EQTY
2026-08-10,PFDAVVNDA,23900.0,"-2,85",457379120.0,19296.0,-700,24000.0,24280.0,23520.0,-,BANCO DAVIVIENDA,EQTY
2026-08-10,ECOPETROL,2680.0,"-3,25",83724041515.0,30951468.0,-90,2735.0,2735.0,2680.0,-,ECOPETROL,EQTY
2026-08-10,CEMARGOS,10900.0,-,4243803220.0,387862.0,-,10900.0,11060.0,10800.0,-,CEMENTOS ARGOS,EQTY
2026-08-10,CELSIA,4900.0,"-1,9",1196182730.0,243890.0,-95,5000.0,5000.0,4835.0,-,CELSIA,EQTY
2026-08-10,PROMIGAS,6610.0,-,537661580.0,81390.0,-,6610.0,6700.0,6590.0,-,PROMIGAS,EQTY
2026-08-10,PFDAVIGRP,32000.0,-,355211240.0,11144.0,-,31820.0,32000.0,31800.0,-,Davivienda Group,EQTY
2026-08-10,FABRICATO,3.5,"-4,11",35000000.0,10000000.0,"-0,15",3.5,3.5,3.5,-,FABRICATO,EQTY
2026-08-10,ETB,75.0,-,8805790.5,118596.0,-,75.0,75.0,75.0,-,ETB,EQTY
2026-08-10,OCCIDENTE,21000.0,-,1661400.0,78.0,-,21000.0,21000.0,21000.0,-,BANCO DE OCCIDENTE,EQTY
2026-08-10,CORFERIAS,1500.0,-,1520000.0,800.0,-,1500.0,1500.0,1500.0,-,CORFERIAS,EQTY
2026-08-10,ENKA,19.4,-,781145.4,42238.0,-,19.4,19.4,19.4,-,Enka de Colombia,EQTY
2026-08-11,PFCIBEST,77000.0,"6,65",116143932180.0,1509522.0,4800,74500.0,78500.0,74240.0,-,Grupo Cibest S.A.,EQTY
2026-08-11,ECOPETROL,2660.0,"-0,75",67769176055.0,25524095.0,-20,2680.0,2700.0,2635.0,-,ECOPETROL,EQTY
2026-08-11,CIBEST,87500.0,"1,34",16859817040.0,189974.0,1160,87300.0,90280.0,86660.0,-,Grupo Cibest S.A.,EQTY
2026-08-11,PFGRUPOARG,14700.0,-,14560605180.0,984579.0,-,14800.0,14900.0,14700.0,-,GRUPO ARGOS,EQTY
2026-08-11,ICOLCAP,23740.0,1,13066989946.0,548037.0,236,24829.5,24829.5,23125.0,-,FONDO BURSATIL ISHARES COLCAP,EQTY
2026-08-11,PFGRUPSURA,45500.0,"3,13",10967012580.0,238547.0,1380,44600.0,46800.0,44600.0,-,GRUPO SURA,EQTY
2026-08-11,ISA,29320.0,"0,21",6546082560.0,222039.0,60,29040.0,29980.0,29000.0,-,ISA INTERCONEXION ELECTRICA,EQTY
2026-08-11,GRUPOARGOS,18720.0,"-0,32",6309050800.0,337099.0,-60,18800.0,19020.0,18480.0,-,GRUPO ARGOS,EQTY
2026-08-11,GEB,2845.0,"-0,7",3670576590.0,1280879.0,-20,2885.0,2885.0,2845.0,-,GRUPO ENERGIA BOGOTA,EQTY
2026-08-11,CEMARGOS,11000.0,"0,92",3057093660.0,279378.0,100,10920.0,11000.0,10860.0,-,CEMENTOS ARGOS,EQTY
2026-08-11,GRUPOSURA,56040.0,"3,78",2497092780.0,44942.0,2040,54120.0,56260.0,54120.0,-,GRUPO SURA,EQTY
2026-08-11,PEI,67500.0,"0,75",2111512780.0,31261.0,500,67000.0,69480.0,67000.0,-,PEI,EQTY
2026-08-11,PFDAVIGRP,32400.0,"1,25",2063668480.0,64273.0,400,32200.0,32400.0,31820.0,-,Davivienda Group,EQTY
2026-08-11,CORFICOLCF,21500.0,"1,32",1526984140.0,70997.0,280,21260.0,21900.0,21260.0,-,CORFICOLOMBIANA,EQTY
2026-08-11,HCOLSEL,26751.0,"2,37",1057643354.5,39410.0,"619,5",26855.5,26880.0,26750.0,-,FONDO BURSATIL GLOBAL X COLOMBIA SELECT DE S&P,EQTY
2026-08-11,MINEROS,16980.0,"-0,47",885255860.0,52317.0,-80,17040.0,17080.0,16820.0,-,MINEROS,EQTY
2026-08-11,CELSIA,4900.0,-,672040955.0,137120.0,-,4900.0,4915.0,4865.0,-,CELSIA,EQTY
2026-08-11,PFCORFICOL,18600.0,"1,2",520202220.0,28016.0,220,18600.0,18600.0,18440.0,-,CORFICOLOMBIANA,EQTY
2026-08-11,PFAVAL,823.0,"-0,36",490720498.0,590387.0,-3,823.0,843.0,820.0,-,GRUPO AVAL ACCIONES Y VALORES,EQTY
2026-08-11,EXITO,4650.0,"-0,11",320356050.0,68578.0,-5,4650.0,4750.0,4650.0,-,EXITO,EQTY
2026-08-11,CONCONCRET,431.0,"1,89",296682655.0,691157.0,8,427.0,434.0,425.0,-,CONCONCRETO S.A,EQTY
2026-08-11,TIN,13500.0,-,247773020.0,18365.0,-,13500.0,13500.0,13440.0,-,TITULARIZADORA COLOMBIANA,EQTY
2026-08-11,TERPEL,17840.0,-,174165140.0,9775.0,-,17700.0,18000.0,17700.0,-,ORGANIZACION TERPEL,EQTY
2026-08-11,BHI,372.0,"-0,53",164013050.0,439477.0,-2,375.0,375.0,370.0,-,BAC HOLDING INTERNATIONAL CORP,EQTY
2026-08-11,BOGOTA,39100.0,"0,26",150662620.0,3857.0,100,39000.0,39460.0,38700.0,-,BANCO DE BOGOTA,EQTY
2026-08-11,PROMIGAS,6630.0,"0,3",129837330.0,19597.0,20,6620.0,6700.0,6600.0,-,PROMIGAS,EQTY
2026-08-11,GRUBOLIVAR,78680.0,"-0,68",101724840.0,1295.0,-540,77660.0,79680.0,77660.0,-,GRUPO BOLIVAR,EQTY
2026-08-11,PFDAVVNDA,24580.0,"2,85",77709700.0,3170.0,680,24000.0,24700.0,24000.0,-,BANCO DAVIVIENDA,EQTY
2026-08-11,NUTRESA,313500.0,"-0,15",39103460.0,125.0,-480,313500.0,313500.0,313480.0,-,GRUPO NUTRESA,EQTY
2026-08-11,PFCEMARGOS,11780.0,-,36757800.0,3130.0,-,11800.0,11800.0,11740.0,-,CEMENTOS ARGOS,EQTY
2026-08-11,BVC,15420.0,"-0,64",34450780.0,2219.0,-100,15500.0,15500.0,15420.0,-,BOLSA DE VALORES DE COLOMBIA,EQTY
2026-08-11,GRUPOAVAL,811.0,"-1,34",28070184.0,34446.0,-11,811.0,811.0,811.0,-,GRUPO AVAL ACCIONES Y VALORES,EQTY
2026-08-11,GXTESCOL,59600.0,"-1,08",8880400.0,149.0,-650,59600.0,59600.0,59600.0,-,FONDO BURSATIL GLOBAL X TES COLOMBIA COP GBI-EM ID ETF,EQTY
2026-08-11,ETB,75.0,-,6530903.5,88305.0,-,75.0,75.0,75.0,-,ETB,EQTY
2026-08-11,FABRICATO,3.5,-,4657093.56,1304508.0,-,3.5,3.5,3.5,-,FABRICATO,EQTY
2026-08-11,ENKA,19.4,-,1866023.2,101335.0,-,19.4,19.4,19.4,-,Enka de Colombia,EQTY
2026-08-12,ECOPETROL,2655.0,"-0,19",53314515020.0,20139348.0,-5,2645.0,2665.0,2630.0,-,ECOPETROL,EQTY
2026-08-12,PFCIBEST,75020.0,"-2,57",49291623900.0,651975.0,-1980,77500.0,77500.0,75000.0,-,Grupo Cibest S.A.,EQTY
2026-08-12,PFGRUPOARG,14900.0,"1,36",22359098380.0,1504623.0,200,14700.0,14980.0,14700.0,-,GRUPO ARGOS,EQTY
2026-08-12,CEMARGOS,11200.0,"1,82",13179900040.0,1188957.0,200,11040.0,11220.0,10900.0,-,CEMENTOS ARGOS,EQTY
2026-08-12,GRUPOARGOS,19360.0,"3,42",6003145420.0,312878.0,640,18460.0,19700.0,18460.0,-,GRUPO ARGOS,EQTY
2026-08-12,CIBEST,87900.0,"0,46",4297245900.0,49160.0,400,87660.0,88300.0,85500.0,-,Grupo Cibest S.A.,EQTY
2026-08-12,ICOLCAP,23933.0,"0,81",4113826100.5,172196.0,193,23900.0,24010.0,23860.0,-,FONDO BURSATIL ISHARES COLCAP,EQTY
2026-08-12,GRUPOSURA,58000.0,"3,5",3607968260.0,63403.0,1960,56200.0,58000.0,56080.0,-,GRUPO SURA,EQTY
2026-08-12,PFGRUPSURA,46740.0,"2,73",3062742940.0,65522.0,1240,45600.0,47080.0,45600.0,-,GRUPO SURA,EQTY
2026-08-12,PFDAVIGRP,32700.0,"0,93",2403374980.0,73785.0,300,32500.0,32980.0,32400.0,-,Davivienda Group,EQTY
2026-08-12,GEB,2885.0,"1,41",2369455585.0,826681.0,40,2865.0,2885.0,2850.0,-,GRUPO ENERGIA BOGOTA,EQTY
2026-08-12,ISA,29420.0,"0,34",2276703180.0,77425.0,100,29320.0,29500.0,29220.0,-,ISA INTERCONEXION ELECTRICA,EQTY
2026-08-12,CORFICOLCF,21800.0,"1,4",1293035680.0,59716.0,300,21320.0,22000.0,21300.0,-,CORFICOLOMBIANA,EQTY
2026-08-12,PFAVAL,855.0,"3,89",989453084.0,1168756.0,32,832.0,855.0,832.0,-,GRUPO AVAL ACCIONES Y VALORES,EQTY
2026-08-12,MINEROS,16980.0,-,882836400.0,51878.0,-,17000.0,17300.0,16800.0,-,MINEROS,EQTY
2026-08-12,CONCONCRET,437.0,"1,39",681428051.0,1541934.0,6,433.0,454.0,433.0,-,CONCONCRETO S.A,EQTY
2026-08-12,CELSIA,4955.0,"1,12",663021725.0,134273.0,55,4900.0,4975.0,4850.0,-,CELSIA,EQTY
2026-08-12,PEI,68280.0,"1,16",605033120.0,8894.0,780,67500.0,68600.0,67300.0,-,PEI,EQTY
2026-08-12,BHI,371.0,"-0,27",456762229.0,1232416.0,-1,370.0,374.0,370.0,-,BAC HOLDING INTERNATIONAL CORP,EQTY
2026-08-12,HCOLSEL,27313.5,"2,1",388644402.5,14326.0,"562,5",26856.5,27313.5,26856.5,-,FONDO BURSATIL GLOBAL X COLOMBIA SELECT DE S&P,EQTY
2026-08-12,PFCORFICOL,18500.0,"-0,54",310343520.0,16749.0,-100,18540.0,18600.0,18380.0,-,CORFICOLOMBIANA,EQTY
2026-08-12,PFDAVVNDA,24660.0,"0,33",269511280.0,10991.0,80,24200.0,24720.0,24200.0,-,BANCO DAVIVIENDA,EQTY
2026-08-12,TERPEL,17720.0,"-0,67",219274780.0,12374.0,-120,17740.0,17800.0,17640.0,-,ORGANIZACION TERPEL,EQTY
2026-08-12,PROMIGAS,6640.0,"0,15",180602570.0,27204.0,10,6610.0,6720.0,6600.0,-,PROMIGAS,EQTY
2026-08-12,TIN,13480.0,"-0,15",159307300.0,11822.0,-20,13500.0,13500.0,13440.0,-,TITULARIZADORA COLOMBIANA,EQTY
2026-08-12,EXITO,4730.0,"1,72",144320985.0,30581.0,80,4695.0,4780.0,4640.0,-,EXITO,EQTY
2026-08-12,BOGOTA,39380.0,"0,72",119638020.0,3042.0,280,39440.0,39440.0,39380.0,-,BANCO DE BOGOTA,EQTY
2026-08-12,NUTRESA,313880.0,"0,12",119570200.0,382.0,380,312000.0,313880.0,312000.0,-,GRUPO NUTRESA,EQTY
2026-08-12,GRUPOAVAL,813.0,"0,25",96776381.0,118906.0,2,828.0,828.0,811.0,-,GRUPO AVAL ACCIONES Y VALORES,EQTY
2026-08-12,GRUBOLIVAR,79600.0,"1,17",87847360.0,1102.0,920,80460.0,80460.0,78600.0,-,GRUPO BOLIVAR,EQTY
2026-08-12,BVC,15980.0,"3,63",35386880.0,2228.0,560,15980.0,15980.0,15800.0,-,BOLSA DE VALORES DE COLOMBIA,EQTY
2026-08-12,PFCEMARGOS,11920.0,"1,19",31462020.0,2639.0,140,11940.0,11940.0,11920.0,-,CEMENTOS ARGOS,EQTY
2026-08-12,GXTESCOL,59600.0,-,4361350.0,73.0,-,59600.0,59600.0,59600.0,-,FONDO BURSATIL GLOBAL X TES COLOMBIA COP GBI-EM ID ETF,EQTY
2026-08-12,FABRICATO,3.5,-,2892600.0,803500.0,-,3.5,3.5,3.5,-,FABRICATO,EQTY
2026-08-12,OCCIDENTE,21000.0,-,2058000.0,98.0,-,21000.0,21000.0,21000.0,-,BANCO DE OCCIDENTE,EQTY
2026-08-12,ETB,75.0,-,495914.5,6810.0,-,75.0,75.0,75.0,-,ETB,EQTY
2026-08-12,ENKA,19.4,-,444606.3,23955.0,-,19.4,19.4,19.4,-,Enka de Colombia,EQTY
2026-08-13,PFGRUPOARG,15440.0,"3,62",22116433880.0,1452460.0,540,15500.0,15740.0,14900.0,-,GRUPO ARGOS,EQTY
2026-08-13,GRUPOARGOS,19960.0,"3,1",6264936700.0,318624.0,600,19600.0,19980.0,19000.0,-,GRUPO ARGOS,EQTY
2026-08-13,PROTECCION,82000.0,"2,5",41000000.0,500.0,2000,82000.0,82000.0,82000.0,-,ADM DE FONDOS Y CES PROTECCION,EQTY
2026-08-13,GRUPOAVAL,831.0,"2,21",124657710.0,150048.0,18,823.0,836.0,823.0,-,GRUPO AVAL ACCIONES Y VALORES,EQTY
2026-08-13,ECOPETROL,2700.0,"1,69",75920759795.0,28519367.0,45,2650.0,2700.0,2560.0,-,ECOPETROL,EQTY
2026-08-13,GXTESCOL,60336.0,"1,23",509988250.0,8452.0,736,60350.0,60350.0,59950.0,-,FONDO BURSATIL GLOBAL X TES COLOMBIA COP GBI-EM ID ETF,EQTY
2026-08-13,PFCIBEST,75660.0,"0,85",13501598120.0,178940.0,640,75100.0,76040.0,75000.0,-,Grupo Cibest S.A.,EQTY
2026-08-13,CONCONCRET,440.0,"0,69",238404169.0,540332.0,3,449.0,450.0,435.0,-,CONCONCRETO S.A,EQTY
2026-08-13,PFDAVVNDA,24820.0,"0,65",296929860.0,12004.0,160,24240.0,24960.0,24240.0,-,BANCO DAVIVIENDA,EQTY
2026-08-13,TERPEL,17820.0,"0,56",158078800.0,8891.0,100,17700.0,17960.0,17540.0,-,ORGANIZACION TERPEL,EQTY
2026-08-13,PFDAVIGRP,32800.0,"0,31",7670666560.0,234804.0,100,32100.0,33000.0,32100.0,-,Davivienda Group,EQTY
2026-08-13,PEI,68400.0,"0,18",175474740.0,2574.0,120,67020.0,68600.0,67020.0,-,PEI,EQTY
2026-08-13,ISA,29460.0,"0,14",6492480480.0,222700.0,40,29400.0,29460.0,28800.0,-,ISA INTERCONEXION ELECTRICA,EQTY
2026-08-13,PFGRUPSURA,46760.0,"0,04",2437972960.0,51947.0,20,46720.0,47300.0,46720.0,-,GRUPO SURA,EQTY
2026-08-13,GRUBOLIVAR,79560.0,"-0,05",294547480.0,3703.0,-40,79500.0,79880.0,78640.0,-,GRUPO BOLIVAR,EQTY
2026-08-13,ICOLCAP,23919.5,"-0,06",14848517984.0,619261.0,"-13,5",24000.0,24060.0,23830.0,-,FONDO BURSATIL ISHARES COLCAP,EQTY
2026-08-13,BVC,15960.0,"-0,13",11773600.0,748.0,-20,15960.0,15960.0,15960.0,-,BOLSA DE VALORES DE COLOMBIA,EQTY
2026-08-13,GRUPOSURA,57800.0,"-0,34",6461178180.0,111950.0,-200,58000.0,58000.0,56220.0,-,GRUPO SURA,EQTY
2026-08-13,EXITO,4705.0,"-0,53",163666475.0,34862.0,-25,4625.0,4740.0,4625.0,-,EXITO,EQTY
2026-08-13,BHI,369.0,"-0,54",481014983.0,1298328.0,-2,371.0,372.0,367.0,-,BAC HOLDING INTERNATIONAL CORP,EQTY
2026-08-13,BOGOTA,39060.0,"-0,81",343147560.0,8778.0,-320,39460.0,39480.0,38660.0,-,BANCO DE BOGOTA,EQTY
2026-08-13,CELSIA,4905.0,"-1,01",352459115.0,71549.0,-50,4970.0,4985.0,4900.0,-,CELSIA,EQTY
2026-08-13,TIN,13340.0,"-1,04",290727200.0,21756.0,-140,13480.0,13480.0,13220.0,-,TITULARIZADORA COLOMBIANA,EQTY
2026-08-13,GEB,2850.0,"-1,21",2248232590.0,787606.0,-35,2880.0,2890.0,2840.0,-,GRUPO ENERGIA BOGOTA,EQTY
2026-08-13,CIBEST,86600.0,"-1,48",5736378920.0,65632.0,-1300,86300.0,88540.0,86300.0,-,Grupo Cibest S.A.,EQTY
2026-08-13,MINEROS,16700.0,"-1,65",1367144500.0,82306.0,-280,16800.0,16800.0,16320.0,-,MINEROS,EQTY
2026-08-13,PFAVAL,840.0,"-1,75",1047943231.0,1235219.0,-15,860.0,860.0,840.0,-,GRUPO AVAL ACCIONES Y VALORES,EQTY
2026-08-13,CEMARGOS,10940.0,"-2,32",5828299160.0,527713.0,-260,11220.0,11220.0,10900.0,-,CEMENTOS ARGOS,EQTY
2026-08-13,PFCORFICOL,18040.0,"-2,49",421897100.0,23069.0,-460,18500.0,18600.0,18000.0,-,CORFICOLOMBIANA,EQTY
2026-08-13,PROMIGAS,6460.0,"-2,71",459572940.0,71346.0,-180,6420.0,6640.0,6340.0,-,PROMIGAS,EQTY
2026-08-13,CORFICOLCF,20740.0,"-4,86",1207476060.0,57530.0,-1060,21900.0,21900.0,20720.0,-,CORFICOLOMBIANA,EQTY
2026-08-13,PFCEMARGOS,11920.0,-,16367380.0,1397.0,-,11920.0,11920.0,11920.0,-,CEMENTOS ARGOS,EQTY
2026-08-13,NUTRESA,313880.0,-,6708560.0,22.0,-,313880.0,313880.0,313880.0,-,GRUPO NUTRESA,EQTY
2026-08-13,HCOLSEL,27313.5,-,3861581.5,143.0,-,27313.5,27313.5,27313.5,-,FONDO BURSATIL GLOBAL X COLOMBIA SELECT DE S&P,EQTY
2026-08-13,ELCONDOR,579.0,-,1941508.0,4453.0,-,579.0,579.0,579.0,-,EL CONDOR,EQTY
2026-08-13,ETB,75.0,-,184856.0,2451.0,-,75.0,75.0,75.0,-,ETB,EQTY
2026-08-13,ENKA,19.4,-,36160.8,1976.0,-,19.4,19.4,19.4,-,Enka de Colombia,EQTY
